statement,label
406 < 551 < 585,1
265 < 935 < 922,0
761 < 774 < 911,1
16 < 707 < 88,0
202 < 464 < 904,1
789 < 193 < 317,0
102 < 347 < 795,1
448 < 253 < 654,0
140 < 232 < 937,1
486 < 706 < 542,0
215 < 273 < 554,1
712 < 475 < 115,0
271 < 287 < 888,1
372 < 993 < 260,0
40 < 214 < 613,1
616 < 853 < 543,0
66 < 115 < 279,1
653 < 527 < 764,0
603 < 687 < 953,1
604 < 790 < 384,0
10 < 363 < 838,1
903 < 694 < 607,0
100 < 582 < 848,1
641 < 256 < 921,0
661 < 673 < 751,1
661 < 217 < 331,0
67 < 617 < 646,1
720 < 888 < 795,0
158 < 424 < 531,1
193 < 133 < 357,0
284 < 739 < 902,1
955 < 531 < 138,0
101 < 222 < 528,1
87 < 635 < 603,0
210 < 358 < 560,1
456 < 589 < 17,0
484 < 621 < 806,1
542 < 159 < 431,0
306 < 590 < 705,1
666 < 109 < 770,0
410 < 416 < 852,1
875 < 322 < 604,0
463 < 473 < 902,1
819 < 749 < 889,0
333 < 365 < 780,1
621 < 448 < 677,0
22 < 612 < 951,1
446 < 668 < 252,0
6 < 352 < 781,1
398 < 762 < 258,0
51 < 214 < 486,1
47 < 612 < 29,0
88 < 953 < 993,1
740 < 259 < 319,0
229 < 853 < 987,1
284 < 194 < 879,0
219 < 717 < 769,1
242 < 239 < 390,0
1 < 31 < 742,1
664 < 133 < 432,0
52 < 187 < 368,1
336 < 556 < 303,0
6 < 703 < 982,1
733 < 33 < 606,0
392 < 566 < 904,1
808 < 590 < 374,0
141 < 645 < 710,1
240 < 127 < 788,0
13 < 199 < 445,1
37 < 665 < 570,0
262 < 346 < 476,1
800 < 454 < 882,0
18 < 39 < 490,1
513 < 667 < 554,0
149 < 358 < 647,1
679 < 344 < 983,0
39 < 225 < 486,1
801 < 228 < 318,0
391 < 718 < 922,1
96 < 32 < 834,0
183 < 499 < 631,1
42 < 778 < 723,0
252 < 444 < 486,1
704 < 890 < 543,0
91 < 454 < 648,1
658 < 579 < 11,0
506 < 523 < 879,1
844 < 180 < 111,0
277 < 284 < 903,1
748 < 205 < 264,0
353 < 368 < 369,1
154 < 845 < 528,0
186 < 201 < 218,1
684 < 909 < 192,0
100 < 171 < 287,1
7 < 625 < 231,0
141 < 169 < 434,1
18 < 9 < 270,0
330 < 363 < 674,1
898 < 386 < 837,0
240 < 632 < 812,1
598 < 710 < 599,0
281 < 566 < 740,1
890 < 297 < 841,0
377 < 469 < 868,1
299 < 345 < 128,0
207 < 210 < 355,1
940 < 812 < 15,0
111 < 320 < 358,1
755 < 606 < 907,0
129 < 638 < 689,1
799 < 49 < 530,0
224 < 522 < 879,1
716 < 449 < 231,0
618 < 760 < 854,1
120 < 776 < 217,0
199 < 461 < 470,1
967 < 783 < 552,0
110 < 499 < 986,1
212 < 37 < 364,0
206 < 285 < 935,1
554 < 164 < 814,0
117 < 415 < 751,1
203 < 92 < 496,0
747 < 781 < 955,1
157 < 951 < 819,0
300 < 303 < 541,1
852 < 581 < 33,0
62 < 100 < 474,1
786 < 158 < 590,0
30 < 431 < 574,1
907 < 153 < 762,0
484 < 496 < 985,1
949 < 814 < 162,0
150 < 481 < 686,1
9 < 959 < 143,0
159 < 293 < 474,1
516 < 253 < 656,0
572 < 819 < 860,1
940 < 575 < 602,0
26 < 530 < 851,1
740 < 277 < 673,0
8 < 189 < 698,1
444 < 591 < 591,0
659 < 895 < 918,1
944 < 304 < 260,0
110 < 353 < 464,1
895 < 9 < 35,0
323 < 502 < 559,1
415 < 855 < 207,0
95 < 875 < 934,1
444 < 608 < 21,0
495 < 525 < 710,1
659 < 613 < 132,0
187 < 257 < 761,1
781 < 999 < 356,0
330 < 369 < 686,1
203 < 309 < 116,0
57 < 423 < 538,1
595 < 525 < 764,0
482 < 590 < 811,1
448 < 823 < 254,0
360 < 563 < 823,1
794 < 488 < 11,0
121 < 522 < 580,1
797 < 525 < 875,0
423 < 424 < 780,1
738 < 459 < 506,0
817 < 860 < 965,1
542 < 40 < 857,0
152 < 719 < 786,1
826 < 430 < 815,0
372 < 428 < 867,1
243 < 481 < 131,0
103 < 341 < 666,1
689 < 525 < 759,0
311 < 401 < 521,1
352 < 129 < 444,0
250 < 465 < 758,1
139 < 515 < 357,0
582 < 732 < 858,1
936 < 876 < 759,0
15 < 180 < 770,1
173 < 555 < 195,0
255 < 256 < 796,1
934 < 509 < 877,0
272 < 655 < 999,1
770 < 570 < 311,0
142 < 196 < 197,1
525 < 112 < 926,0
223 < 269 < 979,1
260 < 900 < 236,0
368 < 692 < 842,1
443 < 523 < 250,0
338 < 453 < 938,1
823 < 69 < 875,0
223 < 354 < 761,1
422 < 460 < 436,0
62 < 541 < 576,1
367 < 447 < 104,0
104 < 770 < 952,1
726 < 183 < 150,0
344 < 768 < 984,1
738 < 882 < 326,0
102 < 455 < 499,1
956 < 440 < 162,0
567 < 727 < 941,1
835 < 249 < 818,0
286 < 948 < 962,1
348 < 25 < 338,0
293 < 294 < 971,1
15 < 713 < 579,0
183 < 648 < 740,1
373 < 459 < 21,0
109 < 603 < 932,1
858 < 609 < 577,0
13 < 21 < 405,1
216 < 205 < 860,0
273 < 306 < 455,1
368 < 496 < 2,0
172 < 584 < 992,1
715 < 294 < 755,0
53 < 178 < 577,1
825 < 609 < 800,0
220 < 776 < 847,1
881 < 709 < 698,0
200 < 700 < 963,1
290 < 238 < 356,0
393 < 399 < 734,1
75 < 34 < 487,0
352 < 620 < 877,1
822 < 185 < 168,0
732 < 826 < 839,1
584 < 223 < 40,0
34 < 127 < 941,1
46 < 849 < 94,0
566 < 926 < 951,1
872 < 378 < 742,0
108 < 187 < 692,1
690 < 93 < 985,0
301 < 873 < 995,1
86 < 940 < 582,0
237 < 725 < 891,1
331 < 221 < 675,0
135 < 161 < 233,1
220 < 132 < 830,0
258 < 490 < 821,1
284 < 757 < 205,0
25 < 637 < 943,1
444 < 311 < 320,0
358 < 631 < 817,1
360 < 344 < 43,0
364 < 393 < 817,1
956 < 651 < 818,0
262 < 794 < 950,1
345 < 919 < 666,0
97 < 269 < 442,1
307 < 839 < 501,0
400 < 611 < 958,1
80 < 749 < 462,0
143 < 387 < 870,1
673 < 248 < 439,0
416 < 869 < 884,1
914 < 637 < 575,0
241 < 541 < 911,1
583 < 920 < 838,0
117 < 129 < 502,1
202 < 821 < 616,0
131 < 235 < 825,1
549 < 302 < 260,0
236 < 364 < 636,1
705 < 660 < 300,0
119 < 547 < 726,1
564 < 499 < 78,0
242 < 568 < 935,1
235 < 148 < 371,0
18 < 612 < 787,1
198 < 785 < 385,0
479 < 546 < 917,1
256 < 380 < 218,0
114 < 564 < 841,1
145 < 426 < 383,0
263 < 301 < 392,1
697 < 204 < 340,0
283 < 548 < 751,1
26 < 774 < 48,0
77 < 587 < 648,1
696 < 545 < 314,0
99 < 373 < 464,1
300 < 845 < 550,0
308 < 342 < 353,1
958 < 989 < 260,0
189 < 202 < 955,1
593 < 35 < 68,0
442 < 684 < 771,1
110 < 80 < 845,0
396 < 425 < 933,1
725 < 300 < 466,0
167 < 415 < 444,1
933 < 646 < 954,0
306 < 519 < 892,1
945 < 496 < 138,0
130 < 371 < 748,1
190 < 10 < 715,0
88 < 294 < 491,1
109 < 557 < 412,0
342 < 451 < 843,1
610 < 698 < 547,0
690 < 813 < 951,1
537 < 254 < 969,0
90 < 103 < 254,1
550 < 192 < 712,0
76 < 102 < 676,1
7 < 708 < 378,0
76 < 106 < 991,1
883 < 149 < 29,0
377 < 652 < 718,1
872 < 955 < 258,0
16 < 731 < 837,1
424 < 857 < 134,0
319 < 586 < 669,1
813 < 827 < 653,0
405 < 480 < 933,1
847 < 541 < 827,0
655 < 751 < 779,1
56 < 13 < 946,0
869 < 899 < 920,1
287 < 223 < 336,0
193 < 516 < 585,1
932 < 303 < 871,0
567 < 936 < 944,1
919 < 618 < 729,0
74 < 389 < 519,1
648 < 455 < 696,0
349 < 612 < 854,1
416 < 140 < 476,0
23 < 461 < 573,1
389 < 649 < 93,0
52 < 365 < 942,1
49 < 627 < 98,0
162 < 364 < 883,1
392 < 291 < 808,0
96 < 635 < 959,1
847 < 299 < 723,0
170 < 449 < 544,1
594 < 743 < 346,0
364 < 385 < 759,1
943 < 566 < 678,0
533 < 689 < 815,1
554 < 571 < 357,0
80 < 334 < 797,1
696 < 332 < 922,0
57 < 465 < 752,1
996 < 793 < 823,0
457 < 737 < 960,1
192 < 775 < 757,0
473 < 474 < 776,1
494 < 151 < 410,0
560 < 695 < 752,1
277 < 597 < 327,0
10 < 469 < 722,1
453 < 853 < 744,0
12 < 535 < 729,1
33 < 768 < 517,0
59 < 478 < 886,1
956 < 672 < 466,0
367 < 443 < 848,1
986 < 675 < 172,0
9 < 266 < 859,1
267 < 108 < 963,0
12 < 583 < 959,1
889 < 319 < 972,0
223 < 460 < 720,1
616 < 448 < 843,0
292 < 692 < 869,1
411 < 173 < 9,0
137 < 306 < 370,1
562 < 200 < 104,0
179 < 321 < 956,1
950 < 746 < 960,0
79 < 120 < 978,1
300 < 799 < 539,0
539 < 558 < 909,1
405 < 311 < 498,0
20 < 303 < 945,1
831 < 166 < 476,0
76 < 577 < 579,1
914 < 555 < 331,0
375 < 468 < 668,1
923 < 541 < 369,0
389 < 716 < 842,1
63 < 819 < 451,0
197 < 248 < 745,1
387 < 724 < 469,0
59 < 409 < 623,1
121 < 944 < 641,0
9 < 516 < 966,1
295 < 169 < 789,0
285 < 733 < 993,1
941 < 676 < 199,0
8 < 69 < 121,1
373 < 82 < 514,0
228 < 811 < 882,1
489 < 422 < 931,0
90 < 147 < 464,1
691 < 592 < 805,0
795 < 925 < 949,1
17 < 814 < 670,0
155 < 777 < 867,1
907 < 351 < 824,0
270 < 519 < 600,1
520 < 558 < 380,0
85 < 353 < 866,1
982 < 871 < 95,0
169 < 635 < 796,1
569 < 277 < 87,0
638 < 765 < 890,1
683 < 438 < 346,0
352 < 620 < 696,1
463 < 764 < 732,0
298 < 401 < 461,1
484 < 680 < 395,0
202 < 677 < 960,1
53 < 397 < 92,0
112 < 233 < 435,1
27 < 414 < 118,0
580 < 712 < 933,1
398 < 2 < 559,0
54 < 368 < 698,1
427 < 211 < 267,0
305 < 311 < 746,1
288 < 897 < 608,0
110 < 400 < 838,1
419 < 940 < 657,0
262 < 687 < 723,1
632 < 515 < 314,0
163 < 328 < 565,1
539 < 224 < 537,0
550 < 622 < 869,1
495 < 529 < 510,0
299 < 825 < 886,1
343 < 916 < 638,0
524 < 546 < 719,1
150 < 555 < 51,0
12 < 413 < 515,1
584 < 91 < 485,0
149 < 324 < 567,1
625 < 425 < 817,0
110 < 578 < 920,1
687 < 204 < 322,0
771 < 848 < 857,1
337 < 715 < 59,0
23 < 487 < 742,1
824 < 696 < 295,0
292 < 583 < 846,1
712 < 586 < 11,0
105 < 183 < 378,1
133 < 865 < 77,0
74 < 719 < 785,1
879 < 635 < 559,0
98 < 912 < 978,1
408 < 656 < 116,0
486 < 540 < 887,1
378 < 357 < 736,0
328 < 522 < 880,1
772 < 381 < 604,0
67 < 608 < 986,1
510 < 73 < 114,0
23 < 386 < 937,1
269 < 796 < 273,0
72 < 549 < 653,1
285 < 923 < 675,0
497 < 556 < 705,1
674 < 33 < 200,0
117 < 188 < 742,1
915 < 315 < 850,0
75 < 422 < 577,1
808 < 348 < 112,0
122 < 140 < 600,1
29 < 548 < 112,0
51 < 137 < 200,1
998 < 278 < 236,0
128 < 514 < 626,1
159 < 67 < 34,0
738 < 774 < 906,1
736 < 549 < 960,0
514 < 698 < 723,1
646 < 718 < 467,0
108 < 329 < 716,1
1000 < 601 < 938,0
157 < 392 < 484,1
211 < 448 < 403,0
469 < 577 < 972,1
818 < 570 < 178,0
497 < 586 < 669,1
975 < 250 < 609,0
70 < 198 < 633,1
902 < 33 < 380,0
362 < 509 < 578,1
487 < 110 < 950,0
246 < 879 < 886,1
579 < 496 < 232,0
192 < 563 < 594,1
456 < 340 < 151,0
434 < 502 < 663,1
28 < 713 < 545,0
146 < 550 < 758,1
874 < 489 < 369,0
185 < 210 < 872,1
405 < 242 < 369,0
203 < 808 < 864,1
550 < 874 < 717,0
15 < 93 < 699,1
931 < 843 < 746,0
251 < 444 < 558,1
870 < 82 < 399,0
237 < 438 < 784,1
780 < 17 < 280,0
175 < 185 < 228,1
216 < 45 < 77,0
120 < 280 < 980,1
404 < 563 < 211,0
233 < 918 < 919,1
307 < 392 < 70,0
69 < 102 < 998,1
955 < 171 < 593,0
379 < 557 < 726,1
229 < 666 < 168,0
80 < 552 < 565,1
914 < 217 < 930,0
384 < 798 < 889,1
365 < 528 < 108,0
179 < 308 < 531,1
410 < 92 < 583,0
525 < 850 < 872,1
873 < 932 < 474,0
209 < 732 < 876,1
272 < 778 < 203,0
92 < 132 < 156,1
806 < 586 < 488,0
189 < 619 < 831,1
97 < 456 < 111,0
58 < 749 < 880,1
795 < 768 < 245,0
249 < 272 < 811,1
896 < 686 < 639,0
27 < 238 < 982,1
452 < 48 < 840,0
236 < 504 < 665,1
603 < 463 < 153,0
12 < 454 < 764,1
5 < 456 < 66,0
584 < 924 < 952,1
363 < 852 < 265,0
4 < 127 < 144,1
481 < 272 < 843,0
90 < 155 < 199,1
951 < 255 < 442,0
351 < 356 < 363,1
755 < 141 < 172,0
337 < 539 < 697,1
283 < 884 < 834,0
429 < 790 < 999,1
663 < 882 < 347,0
157 < 474 < 930,1
935 < 339 < 80,0
100 < 344 < 591,1
457 < 389 < 978,0
34 < 539 < 889,1
789 < 459 < 64,0
160 < 395 < 618,1
884 < 381 < 728,0
305 < 322 < 829,1
783 < 978 < 305,0
269 < 465 < 796,1
913 < 791 < 128,0
2 < 58 < 947,1
678 < 112 < 412,0
107 < 667 < 857,1
368 < 261 < 989,0
196 < 560 < 930,1
831 < 738 < 969,0
101 < 272 < 896,1
344 < 911 < 462,0
206 < 821 < 903,1
514 < 10 < 38,0
32 < 672 < 731,1
663 < 235 < 855,0
381 < 729 < 751,1
682 < 546 < 254,0
53 < 385 < 792,1
351 < 764 < 446,0
426 < 531 < 785,1
935 < 701 < 665,0
121 < 781 < 861,1
808 < 472 < 958,0
257 < 420 < 506,1
590 < 86 < 943,0
306 < 457 < 713,1
454 < 6 < 66,0
115 < 211 < 261,1
144 < 688 < 217,0
519 < 711 < 973,1
838 < 66 < 394,0
10 < 594 < 876,1
563 < 450 < 769,0
107 < 618 < 942,1
8 < 778 < 6,0
42 < 67 < 930,1
319 < 38 < 703,0
573 < 653 < 911,1
240 < 231 < 283,0
14 < 624 < 650,1
511 < 43 < 22,0
16 < 39 < 886,1
913 < 805 < 455,0
43 < 514 < 532,1
194 < 695 < 81,0
215 < 305 < 449,1
609 < 176 < 118,0
501 < 725 < 952,1
817 < 183 < 731,0
594 < 829 < 972,1
412 < 152 < 526,0
117 < 267 < 272,1
319 < 844 < 428,0
447 < 546 < 813,1
413 < 734 < 418,0
68 < 919 < 950,1
554 < 44 < 700,0
238 < 778 < 819,1
772 < 806 < 79,0
361 < 953 < 989,1
409 < 0 < 902,0
191 < 365 < 890,1
786 < 866 < 386,0
350 < 441 < 927,1
915 < 773 < 368,0
264 < 371 < 786,1
537 < 383 < 565,0
385 < 630 < 826,1
361 < 1000 < 515,0
756 < 806 < 850,1
406 < 365 < 700,0
47 < 112 < 881,1
578 < 471 < 325,0
27 < 157 < 189,1
978 < 679 < 930,0
267 < 826 < 884,1
825 < 956 < 691,0
632 < 843 < 863,1
271 < 910 < 795,0
135 < 195 < 694,1
416 < 649 < 130,0
235 < 280 < 983,1
670 < 753 < 662,0
81 < 336 < 824,1
573 < 915 < 790,0
149 < 466 < 800,1
618 < 183 < 29,0
525 < 597 < 845,1
841 < 618 < 847,0
140 < 440 < 464,1
725 < 927 < 920,0
198 < 201 < 967,1
593 < 694 < 288,0
403 < 836 < 886,1
41 < 273 < 252,0
282 < 445 < 518,1
935 < 959 < 715,0
135 < 302 < 516,1
916 < 953 < 70,0
378 < 491 < 623,1
525 < 758 < 687,0
62 < 195 < 337,1
770 < 661 < 3,0
1 < 12 < 845,1
825 < 422 < 925,0
181 < 575 < 774,1
695 < 345 < 642,0
379 < 477 < 489,1
710 < 626 < 853,0
383 < 439 < 719,1
688 < 731 < 672,0
7 < 455 < 505,1
800 < 709 < 254,0
272 < 608 < 856,1
992 < 622 < 174,0
60 < 266 < 612,1
472 < 220 < 441,0
43 < 847 < 951,1
767 < 303 < 502,0
582 < 647 < 669,1
885 < 773 < 316,0
71 < 271 < 399,1
762 < 175 < 167,0
458 < 863 < 923,1
624 < 500 < 734,0
413 < 844 < 955,1
897 < 235 < 48,0
397 < 664 < 911,1
869 < 99 < 70,0
31 < 52 < 697,1
154 < 423 < 144,0
314 < 454 < 594,1
598 < 175 < 367,0
272 < 438 < 675,1
565 < 546 < 519,0
65 < 819 < 980,1
891 < 57 < 238,0
46 < 279 < 660,1
861 < 414 < 841,0
307 < 738 < 906,1
265 < 190 < 730,0
35 < 270 < 738,1
695 < 424 < 220,0
490 < 634 < 741,1
98 < 649 < 118,0
345 < 472 < 817,1
967 < 639 < 37,0
566 < 596 < 644,1
89 < 67 < 896,0
495 < 556 < 964,1
665 < 467 < 170,0
351 < 859 < 970,1
135 < 831 < 122,0
152 < 316 < 962,1
415 < 222 < 893,0
93 < 846 < 998,1
972 < 437 < 639,0
63 < 78 < 219,1
114 < 27 < 607,0
427 < 604 < 754,1
851 < 179 < 309,0
217 < 774 < 945,1
564 < 557 < 392,0
547 < 706 < 745,1
632 < 750 < 442,0
110 < 226 < 232,1
208 < 201 < 191,0
461 < 479 < 869,1
982 < 652 < 64,0
575 < 576 < 583,1
495 < 902 < 678,0
389 < 405 < 983,1
473 < 355 < 303,0
523 < 642 < 938,1
760 < 902 < 557,0
0 < 105 < 305,1
883 < 343 < 814,0
59 < 266 < 649,1
653 < 37 < 14,0
685 < 687 < 796,1
100 < 717 < 205,0
97 < 665 < 764,1
745 < 844 < 471,0
257 < 759 < 972,1
879 < 953 < 384,0
176 < 438 < 829,1
562 < 784 < 52,0
44 < 93 < 991,1
227 < 172 < 724,0
285 < 457 < 702,1
855 < 294 < 369,0
574 < 760 < 783,1
916 < 957 < 255,0
527 < 688 < 856,1
440 < 980 < 848,0
400 < 612 < 732,1
975 < 661 < 690,0
226 < 377 < 743,1
63 < 848 < 58,0
453 < 472 < 595,1
667 < 217 < 126,0
27 < 715 < 754,1
205 < 697 < 536,0
276 < 311 < 806,1
1000 < 550 < 13,0
52 < 153 < 568,1
388 < 340 < 987,0
483 < 501 < 965,1
359 < 281 < 975,0
15 < 449 < 841,1
624 < 573 < 654,0
492 < 775 < 777,1
464 < 590 < 57,0
153 < 223 < 606,1
115 < 687 < 232,0
9 < 203 < 565,1
928 < 660 < 752,0
230 < 311 < 838,1
704 < 899 < 520,0
821 < 887 < 947,1
517 < 410 < 354,0
429 < 600 < 658,1
306 < 785 < 486,0
25 < 770 < 968,1
7 < 196 < 84,0
100 < 676 < 889,1
324 < 322 < 45,0
94 < 470 < 720,1
418 < 255 < 17,0
390 < 539 < 816,1
581 < 249 < 457,0
327 < 705 < 773,1
547 < 395 < 430,0
222 < 246 < 274,1
969 < 335 < 505,0
607 < 649 < 670,1
609 < 849 < 784,0
513 < 587 < 703,1
454 < 328 < 945,0
59 < 236 < 985,1
833 < 562 < 401,0
624 < 868 < 916,1
715 < 934 < 472,0
119 < 366 < 618,1
341 < 640 < 77,0
54 < 437 < 805,1
682 < 455 < 116,0
203 < 843 < 911,1
615 < 755 < 389,0
227 < 670 < 918,1
905 < 304 < 110,0
398 < 441 < 666,1
60 < 975 < 375,0
223 < 620 < 701,1
256 < 786 < 69,0
604 < 752 < 876,1
895 < 915 < 879,0
140 < 203 < 794,1
788 < 751 < 572,0
26 < 155 < 341,1
939 < 525 < 806,0
284 < 380 < 512,1
578 < 747 < 283,0
171 < 610 < 887,1
758 < 423 < 335,0
220 < 354 < 638,1
813 < 801 < 96,0
172 < 308 < 462,1
771 < 156 < 123,0
264 < 703 < 898,1
788 < 658 < 550,0
33 < 300 < 671,1
164 < 47 < 993,0
375 < 551 < 679,1
176 < 833 < 239,0
511 < 867 < 906,1
136 < 581 < 476,0
236 < 734 < 960,1
380 < 56 < 275,0
135 < 305 < 980,1
645 < 553 < 712,0
63 < 514 < 818,1
730 < 998 < 436,0
111 < 822 < 947,1
167 < 877 < 12,0
608 < 682 < 698,1
991 < 186 < 663,0
88 < 201 < 732,1
722 < 601 < 193,0
364 < 652 < 746,1
313 < 594 < 472,0
648 < 686 < 844,1
817 < 88 < 640,0
20 < 65 < 305,1
762 < 925 < 729,0
175 < 778 < 973,1
849 < 531 < 843,0
343 < 535 < 806,1
2 < 417 < 264,0
32 < 84 < 914,1
902 < 79 < 626,0
10 < 302 < 658,1
161 < 890 < 564,0
247 < 543 < 824,1
756 < 908 < 380,0
521 < 634 < 650,1
571 < 982 < 492,0
134 < 548 < 815,1
552 < 439 < 785,0
465 < 657 < 853,1
422 < 110 < 553,0
114 < 257 < 749,1
10 < 735 < 676,0
441 < 491 < 677,1
269 < 737 < 62,0
452 < 461 < 655,1
642 < 872 < 680,0
282 < 526 < 530,1
318 < 808 < 233,0
95 < 673 < 769,1
631 < 938 < 461,0
115 < 118 < 975,1
634 < 645 < 308,0
86 < 219 < 361,1
227 < 967 < 658,0
206 < 282 < 492,1
965 < 662 < 562,0
720 < 756 < 793,1
740 < 465 < 140,0
247 < 693 < 831,1
852 < 493 < 964,0
176 < 382 < 470,1
676 < 79 < 659,0
74 < 565 < 994,1
111 < 32 < 725,0
311 < 844 < 931,1
929 < 503 < 549,0
718 < 824 < 941,1
214 < 722 < 567,0
224 < 389 < 871,1
139 < 297 < 70,0
18 < 92 < 773,1
225 < 996 < 662,0
310 < 527 < 848,1
407 < 177 < 556,0
420 < 751 < 875,1
14 < 631 < 95,0
159 < 325 < 499,1
845 < 221 < 655,0
530 < 535 < 795,1
742 < 113 < 89,0
211 < 306 < 645,1
246 < 637 < 544,0
163 < 818 < 986,1
775 < 152 < 19,0
124 < 234 < 781,1
84 < 586 < 365,0
538 < 562 < 964,1
934 < 143 < 108,0
264 < 323 < 864,1
596 < 579 < 162,0
45 < 93 < 606,1
53 < 797 < 292,0
531 < 894 < 910,1
932 < 584 < 622,0
10 < 36 < 415,1
772 < 94 < 234,0
258 < 668 < 952,1
813 < 69 < 802,0
152 < 191 < 710,1
208 < 85 < 803,0
55 < 198 < 235,1
257 < 5 < 817,0
356 < 562 < 979,1
204 < 699 < 597,0
267 < 547 < 572,1
382 < 957 < 160,0
181 < 231 < 731,1
155 < 940 < 235,0
382 < 397 < 718,1
861 < 873 < 302,0
342 < 764 < 794,1
375 < 760 < 315,0
840 < 886 < 960,1
771 < 497 < 604,0
117 < 268 < 955,1
727 < 469 < 244,0
70 < 420 < 874,1
241 < 558 < 421,0
119 < 465 < 611,1
432 < 816 < 312,0
49 < 454 < 934,1
698 < 525 < 635,0
42 < 449 < 497,1
801 < 395 < 41,0
15 < 157 < 232,1
952 < 525 < 888,0
159 < 211 < 759,1
476 < 368 < 249,0
356 < 508 < 552,1
183 < 761 < 20,0
244 < 348 < 559,1
841 < 992 < 168,0
82 < 139 < 720,1
672 < 275 < 500,0
479 < 522 < 699,1
111 < 94 < 576,0
322 < 323 < 426,1
292 < 205 < 596,0
166 < 741 < 856,1
69 < 791 < 560,0
387 < 404 < 887,1
764 < 751 < 425,0
119 < 174 < 247,1
504 < 20 < 619,0
304 < 585 < 719,1
291 < 570 < 310,0
87 < 325 < 357,1
673 < 277 < 533,0
250 < 391 < 951,1
726 < 732 < 291,0
490 < 770 < 828,1
917 < 981 < 171,0
407 < 701 < 706,1
881 < 786 < 480,0
182 < 472 < 508,1
785 < 92 < 747,0
53 < 502 < 669,1
573 < 332 < 19,0
155 < 303 < 936,1
707 < 67 < 125,0
449 < 500 < 532,1
585 < 161 < 605,0
620 < 626 < 655,1
822 < 853 < 557,0
451 < 663 < 831,1
289 < 723 < 462,0
493 < 695 < 952,1
654 < 472 < 285,0
365 < 549 < 621,1
382 < 617 < 538,0
43 < 583 < 886,1
905 < 410 < 143,0
380 < 552 < 624,1
328 < 581 < 521,0
105 < 237 < 881,1
540 < 444 < 611,0
342 < 379 < 843,1
475 < 688 < 349,0
606 < 725 < 912,1
995 < 543 < 316,0
187 < 347 < 736,1
686 < 178 < 736,0
461 < 542 < 897,1
903 < 69 < 188,0
16 < 680 < 885,1
157 < 372 < 362,0
133 < 166 < 949,1
545 < 873 < 713,0
74 < 132 < 386,1
180 < 37 < 243,0
28 < 360 < 418,1
882 < 954 < 556,0
320 < 543 < 781,1
566 < 406 < 524,0
279 < 656 < 831,1
378 < 333 < 338,0
751 < 764 < 961,1
682 < 814 < 524,0
7 < 18 < 87,1
701 < 340 < 379,0
221 < 574 < 658,1
61 < 828 < 152,0
264 < 312 < 346,1
269 < 498 < 217,0
60 < 112 < 918,1
755 < 290 < 817,0
223 < 295 < 798,1
305 < 172 < 731,0
195 < 369 < 976,1
977 < 41 < 815,0
246 < 309 < 534,1
509 < 499 < 182,0
257 < 312 < 803,1
191 < 981 < 232,0
49 < 494 < 548,1
974 < 961 < 386,0
227 < 502 < 724,1
454 < 661 < 30,0
192 < 591 < 851,1
678 < 129 < 93,0
27 < 509 < 758,1
927 < 303 < 323,0
55 < 169 < 593,1
374 < 105 < 729,0
686 < 774 < 944,1
390 < 165 < 137,0
165 < 610 < 718,1
977 < 147 < 580,0
49 < 136 < 987,1
654 < 644 < 555,0
515 < 607 < 679,1
938 < 453 < 201,0
148 < 470 < 977,1
769 < 264 < 25,0
115 < 332 < 735,1
668 < 61 < 917,0
9 < 237 < 535,1
348 < 191 < 828,0
467 < 558 < 866,1
404 < 949 < 586,0
444 < 797 < 937,1
74 < 896 < 778,0
311 < 314 < 573,1
101 < 183 < 9,0
317 < 671 < 932,1
262 < 594 < 485,0
127 < 269 < 982,1
376 < 330 < 68,0
185 < 207 < 629,1
649 < 82 < 514,0
251 < 300 < 921,1
612 < 110 < 133,0
153 < 661 < 899,1
319 < 269 < 77,0
62 < 277 < 954,1
885 < 718 < 372,0
99 < 120 < 318,1
966 < 891 < 684,0
330 < 544 < 731,1
717 < 480 < 683,0
652 < 762 < 946,1
821 < 57 < 411,0
216 < 614 < 644,1
484 < 508 < 62,0
180 < 657 < 856,1
108 < 454 < 307,0
472 < 565 < 960,1
447 < 258 < 859,0
494 < 737 < 888,1
874 < 518 < 950,0
805 < 821 < 835,1
992 < 153 < 97,0
49 < 647 < 977,1
238 < 185 < 878,0
336 < 595 < 635,1
534 < 384 < 430,0
30 < 561 < 674,1
879 < 173 < 581,0
48 < 203 < 546,1
703 < 472 < 898,0
79 < 126 < 373,1
386 < 183 < 4,0
174 < 207 < 458,1
584 < 75 < 366,0
410 < 826 < 855,1
835 < 539 < 445,0
97 < 588 < 754,1
984 < 715 < 659,0
550 < 859 < 914,1
917 < 827 < 866,0
676 < 714 < 787,1
990 < 17 < 84,0
641 < 799 < 959,1
789 < 198 < 524,0
130 < 265 < 761,1
57 < 4 < 140,0
167 < 640 < 654,1
340 < 456 < 380,0
343 < 592 < 905,1
534 < 221 < 384,0
485 < 551 < 966,1
220 < 130 < 673,0
27 < 92 < 271,1
549 < 542 < 517,0
30 < 363 < 989,1
785 < 265 < 581,0
53 < 557 < 914,1
995 < 977 < 273,0
585 < 684 < 915,1
847 < 994 < 878,0
392 < 635 < 822,1
303 < 203 < 105,0
510 < 629 < 781,1
225 < 59 < 663,0
313 < 476 < 529,1
575 < 103 < 174,0
663 < 714 < 860,1
128 < 64 < 368,0
123 < 591 < 734,1
962 < 347 < 986,0
145 < 719 < 855,1
300 < 282 < 316,0
278 < 460 < 475,1
552 < 433 < 928,0
323 < 600 < 893,1
376 < 704 < 666,0
151 < 432 < 829,1
790 < 565 < 211,0
267 < 741 < 920,1
615 < 670 < 135,0
244 < 580 < 668,1
862 < 694 < 351,0
292 < 703 < 912,1
886 < 193 < 248,0
352 < 467 < 673,1
353 < 726 < 141,0
112 < 494 < 637,1
564 < 395 < 804,0
208 < 690 < 935,1
306 < 960 < 767,0
728 < 785 < 830,1
909 < 210 < 650,0
279 < 694 < 929,1
962 < 250 < 869,0
399 < 595 < 966,1
209 < 601 < 377,0
409 < 582 < 705,1
726 < 951 < 446,0
4 < 83 < 205,1
880 < 430 < 784,0
360 < 458 < 754,1
751 < 99 < 838,0
221 < 566 < 648,1
822 < 793 < 815,0
324 < 639 < 734,1
39 < 721 < 83,0
144 < 279 < 870,1
720 < 265 < 378,0
158 < 262 < 707,1
383 < 90 < 284,0
522 < 691 < 776,1
941 < 391 < 857,0
153 < 440 < 564,1
685 < 354 < 277,0
546 < 620 < 645,1
233 < 199 < 723,0
104 < 124 < 460,1
920 < 102 < 158,0
642 < 694 < 916,1
585 < 755 < 58,0
35 < 58 < 871,1
980 < 204 < 288,0
371 < 407 < 656,1
589 < 185 < 106,0
337 < 366 < 629,1
248 < 602 < 573,0
46 < 609 < 838,1
181 < 852 < 199,0
176 < 834 < 988,1
262 < 36 < 66,0
51 < 299 < 403,1
340 < 233 < 161,0
356 < 867 < 914,1
985 < 753 < 962,0
328 < 699 < 848,1
866 < 255 < 449,0
558 < 582 < 986,1
890 < 837 < 510,0
115 < 137 < 780,1
931 < 537 < 453,0
508 < 647 < 889,1
433 < 700 < 257,0
185 < 455 < 872,1
599 < 874 < 432,0
693 < 903 < 989,1
435 < 816 < 749,0
58 < 740 < 764,1
195 < 599 < 590,0
232 < 268 < 802,1
490 < 57 < 318,0
164 < 750 < 858,1
831 < 622 < 278,0
280 < 462 < 703,1
922 < 211 < 327,0
220 < 730 < 909,1
734 < 342 < 729,0
424 < 720 < 922,1
120 < 59 < 70,0
175 < 637 < 736,1
173 < 655 < 226,0
160 < 335 < 537,1
225 < 717 < 329,0
351 < 570 < 915,1
384 < 184 < 842,0
115 < 388 < 892,1
702 < 684 < 633,0
183 < 528 < 600,1
168 < 879 < 64,0
138 < 303 < 715,1
943 < 282 < 292,0
149 < 273 < 974,1
592 < 279 < 165,0
176 < 585 < 588,1
749 < 923 < 370,0
511 < 587 < 647,1
520 < 486 < 140,0
57 < 645 < 923,1
377 < 184 < 337,0
13 < 653 < 952,1
697 < 416 < 118,0
647 < 747 < 904,1
876 < 335 < 904,0
86 < 238 < 636,1
672 < 963 < 922,0
452 < 507 < 974,1
949 < 395 < 612,0
374 < 884 < 965,1
261 < 991 < 756,0
449 < 488 < 955,1
956 < 110 < 476,0
193 < 450 < 760,1
466 < 889 < 885,0
355 < 635 < 767,1
228 < 588 < 396,0
62 < 351 < 620,1
996 < 319 < 419,0
407 < 465 < 541,1
586 < 283 < 273,0
58 < 69 < 933,1
825 < 982 < 565,0
272 < 359 < 460,1
897 < 41 < 698,0
226 < 258 < 952,1
933 < 308 < 946,0
22 < 62 < 507,1
785 < 494 < 514,0
207 < 508 < 561,1
688 < 500 < 171,0
296 < 492 < 909,1
227 < 831 < 195,0
190 < 491 < 686,1
493 < 603 < 155,0
176 < 259 < 500,1
84 < 826 < 381,0
99 < 357 < 815,1
253 < 126 < 175,0
82 < 369 < 918,1
715 < 275 < 905,0
287 < 699 < 915,1
114 < 398 < 396,0
119 < 618 < 939,1
469 < 968 < 885,0
5 < 372 < 835,1
249 < 606 < 463,0
34 < 294 < 875,1
864 < 847 < 58,0
334 < 800 < 927,1
832 < 378 < 915,0
435 < 569 < 828,1
726 < 122 < 624,0
660 < 846 < 878,1
492 < 544 < 217,0
326 < 678 < 938,1
45 < 878 < 815,0
319 < 468 < 489,1
512 < 346 < 573,0
169 < 492 < 907,1
999 < 669 < 983,0
668 < 709 < 942,1
777 < 367 < 115,0
52 < 776 < 928,1
340 < 505 < 125,0
138 < 243 < 532,1
963 < 717 < 596,0
762 < 848 < 941,1
139 < 588 < 30,0
127 < 508 < 587,1
204 < 356 < 14,0
35 < 435 < 982,1
303 < 812 < 672,0
102 < 743 < 779,1
711 < 855 < 604,0
131 < 455 < 665,1
655 < 15 < 29,0
87 < 465 < 862,1
994 < 698 < 137,0
161 < 240 < 928,1
659 < 485 < 802,0
72 < 332 < 759,1
861 < 362 < 622,0
387 < 579 < 725,1
276 < 735 < 135,0
236 < 858 < 869,1
560 < 403 < 447,0
350 < 730 < 769,1
979 < 515 < 93,0
34 < 99 < 496,1
223 < 807 < 534,0
43 < 904 < 986,1
906 < 325 < 248,0
529 < 731 < 799,1
669 < 650 < 561,0
268 < 869 < 985,1
966 < 412 < 810,0
270 < 375 < 535,1
323 < 872 < 457,0
16 < 112 < 979,1
410 < 175 < 320,0
193 < 200 < 878,1
551 < 138 < 761,0
357 < 396 < 924,1
365 < 867 < 545,0
277 < 307 < 478,1
806 < 287 < 271,0
37 < 356 < 461,1
661 < 935 < 695,0
594 < 630 < 750,1
898 < 287 < 433,0
671 < 838 < 981,1
423 < 686 < 641,0
90 < 465 < 472,1
156 < 94 < 844,0
414 < 689 < 732,1
595 < 8 < 299,0
0 < 173 < 320,1
300 < 993 < 483,0
487 < 573 < 999,1
777 < 277 < 749,0
317 < 607 < 917,1
140 < 185 < 120,0
293 < 491 < 710,1
660 < 496 < 334,0
66 < 195 < 594,1
983 < 739 < 417,0
668 < 706 < 744,1
515 < 753 < 223,0
228 < 404 < 857,1
651 < 203 < 387,0
206 < 384 < 586,1
300 < 888 < 304,0
469 < 703 < 980,1
312 < 17 < 180,0
413 < 528 < 914,1
406 < 683 < 401,0
493 < 542 < 796,1
208 < 256 < 100,0
303 < 399 < 479,1
776 < 947 < 170,0
241 < 769 < 921,1
439 < 675 < 43,0
77 < 322 < 596,1
426 < 85 < 86,0
91 < 461 < 881,1
199 < 698 < 455,0
20 < 63 < 904,1
568 < 318 < 590,0
183 < 621 < 667,1
26 < 948 < 163,0
474 < 538 < 622,1
122 < 474 < 431,0
34 < 142 < 241,1
887 < 843 < 614,0
8 < 483 < 552,1
424 < 196 < 92,0
161 < 534 < 931,1
512 < 70 < 153,0
425 < 472 < 933,1
849 < 533 < 896,0
259 < 262 < 867,1
513 < 491 < 554,0
391 < 726 < 869,1
884 < 905 < 516,0
299 < 495 < 759,1
291 < 416 < 181,0
111 < 228 < 609,1
921 < 425 < 424,0
69 < 187 < 572,1
908 < 989 < 433,0
430 < 571 < 600,1
86 < 976 < 906,0
428 < 500 < 536,1
693 < 565 < 105,0
587 < 677 < 879,1
749 < 205 < 107,0
190 < 285 < 770,1
997 < 344 < 635,0
223 < 275 < 436,1
684 < 976 < 914,0
86 < 219 < 855,1
824 < 77 < 249,0
60 < 127 < 212,1
625 < 110 < 104,0
386 < 468 < 518,1
26 < 868 < 688,0
2 < 145 < 368,1
513 < 369 < 513,0
12 < 524 < 801,1
566 < 741 < 191,0
38 < 130 < 921,1
581 < 292 < 276,0
233 < 315 < 465,1
18 < 656 < 79,0
213 < 525 < 899,1
163 < 712 < 218,0
24 < 338 < 997,1
102 < 973 < 910,0
579 < 664 < 976,1
715 < 101 < 753,0
716 < 720 < 938,1
637 < 229 < 200,0
132 < 712 < 730,1
767 < 920 < 653,0
275 < 623 < 965,1
308 < 854 < 594,0
0 < 255 < 433,1
389 < 391 < 266,0
52 < 590 < 803,1
980 < 189 < 83,0
217 < 832 < 844,1
482 < 381 < 747,0
264 < 574 < 632,1
915 < 202 < 220,0
816 < 993 < 996,1
720 < 960 < 323,0
304 < 320 < 750,1
267 < 37 < 493,0
49 < 59 < 422,1
467 < 833 < 407,0
399 < 571 < 598,1
202 < 392 < 243,0
328 < 394 < 593,1
409 < 961 < 784,0
331 < 490 < 821,1
361 < 928 < 691,0
17 < 112 < 147,1
219 < 345 < 198,0
23 < 528 < 848,1
723 < 961 < 886,0
3 < 313 < 698,1
319 < 10 < 172,0
287 < 766 < 812,1
379 < 434 < 139,0
159 < 785 < 823,1
483 < 438 < 585,0
339 < 704 < 736,1
999 < 972 < 335,0
125 < 412 < 802,1
482 < 777 < 247,0
79 < 588 < 986,1
173 < 169 < 462,0
623 < 681 < 864,1
816 < 117 < 297,0
525 < 566 < 902,1
932 < 781 < 811,0
89 < 190 < 812,1
353 < 475 < 359,0
440 < 644 < 894,1
919 < 114 < 218,0
96 < 214 < 523,1
573 < 69 < 749,0
126 < 688 < 705,1
578 < 763 < 279,0
120 < 149 < 848,1
50 < 513 < 197,0
241 < 395 < 424,1
739 < 209 < 3,0
321 < 416 < 965,1
398 < 57 < 246,0
45 < 245 < 880,1
521 < 145 < 665,0
110 < 659 < 743,1
369 < 208 < 234,0
22 < 755 < 804,1
948 < 858 < 398,0
123 < 174 < 580,1
49 < 929 < 529,0
31 < 152 < 389,1
974 < 581 < 424,0
168 < 761 < 897,1
136 < 519 < 222,0
153 < 418 < 800,1
807 < 494 < 784,0
320 < 471 < 930,1
295 < 1 < 555,0
14 < 496 < 785,1
573 < 218 < 962,0
330 < 455 < 956,1
299 < 856 < 810,0
399 < 424 < 534,1
881 < 605 < 56,0
23 < 607 < 989,1
36 < 725 < 665,0
103 < 309 < 947,1
915 < 754 < 718,0
112 < 369 < 380,1
863 < 451 < 766,0
432 < 816 < 893,1
280 < 665 < 47,0
99 < 298 < 880,1
959 < 212 < 165,0
23 < 52 < 877,1
184 < 774 < 428,0
248 < 396 < 867,1
434 < 162 < 648,0
143 < 781 < 833,1
830 < 649 < 547,0
497 < 538 < 550,1
636 < 6 < 467,0
465 < 581 < 981,1
633 < 250 < 759,0
145 < 223 < 772,1
40 < 755 < 683,0
822 < 837 < 995,1
19 < 949 < 674,0
421 < 524 < 575,1
140 < 984 < 637,0
213 < 451 < 928,1
121 < 622 < 284,0
180 < 489 < 490,1
552 < 763 < 79,0
429 < 844 < 881,1
958 < 792 < 236,0
286 < 355 < 643,1
834 < 724 < 831,0
179 < 444 < 564,1
497 < 94 < 827,0
705 < 744 < 767,1
132 < 961 < 937,0
507 < 749 < 759,1
930 < 853 < 417,0
70 < 296 < 368,1
515 < 202 < 738,0
5 < 185 < 534,1
166 < 149 < 109,0
441 < 821 < 955,1
555 < 707 < 230,0
318 < 509 < 581,1
849 < 705 < 93,0
3 < 474 < 982,1
207 < 71 < 845,0
655 < 669 < 817,1
161 < 692 < 280,0
0 < 23 < 34,1
25 < 987 < 902,0
101 < 696 < 860,1
509 < 623 < 603,0
373 < 786 < 925,1
690 < 300 < 385,0
242 < 710 < 765,1
822 < 79 < 601,0
193 < 362 < 367,1
217 < 833 < 688,0
133 < 225 < 502,1
130 < 659 < 309,0
66 < 203 < 844,1
460 < 75 < 482,0
228 < 491 < 985,1
982 < 109 < 347,0
162 < 565 < 925,1
663 < 844 < 772,0
49 < 50 < 474,1
874 < 162 < 465,0
482 < 637 < 909,1
564 < 292 < 201,0
195 < 511 < 753,1
704 < 694 < 153,0
362 < 465 < 789,1
98 < 535 < 193,0
270 < 656 < 987,1
573 < 932 < 625,0
445 < 788 < 804,1
890 < 19 < 901,0
291 < 658 < 707,1
954 < 921 < 851,0
45 < 46 < 643,1
263 < 4 < 972,0
244 < 322 < 634,1
251 < 110 < 983,0
562 < 902 < 963,1
570 < 295 < 417,0
83 < 822 < 838,1
814 < 451 < 287,0
156 < 449 < 575,1
688 < 166 < 523,0
30 < 628 < 670,1
990 < 196 < 449,0
187 < 270 < 625,1
863 < 563 < 771,0
185 < 373 < 614,1
841 < 888 < 291,0
22 < 69 < 146,1
960 < 796 < 444,0
122 < 507 < 839,1
604 < 407 < 245,0
318 < 482 < 864,1
423 < 725 < 580,0
120 < 131 < 426,1
622 < 821 < 601,0
4 < 327 < 388,1
855 < 464 < 554,0
570 < 629 < 711,1
178 < 985 < 883,0
115 < 482 < 641,1
191 < 837 < 689,0
55 < 314 < 712,1
525 < 57 < 528,0
340 < 508 < 548,1
51 < 464 < 371,0
321 < 743 < 963,1
551 < 820 < 788,0
136 < 240 < 668,1
838 < 175 < 891,0
261 < 342 < 818,1
477 < 618 < 402,0
1 < 89 < 160,1
23 < 373 < 253,0
53 < 127 < 271,1
840 < 338 < 696,0
93 < 420 < 872,1
153 < 83 < 103,0
221 < 275 < 767,1
867 < 801 < 906,0
801 < 844 < 986,1
742 < 421 < 919,0
672 < 750 < 766,1
675 < 130 < 497,0
251 < 748 < 998,1
440 < 346 < 32,0
112 < 185 < 767,1
357 < 525 < 512,0
103 < 214 < 745,1
66 < 654 < 489,0
360 < 545 < 937,1
441 < 138 < 690,0
262 < 367 < 375,1
333 < 960 < 798,0
602 < 822 < 950,1
677 < 594 < 793,0
76 < 484 < 885,1
74 < 779 < 200,0
247 < 398 < 737,1
392 < 329 < 373,0
212 < 533 < 600,1
609 < 448 < 590,0
750 < 814 < 898,1
925 < 859 < 451,0
573 < 620 < 732,1
760 < 357 < 786,0
578 < 651 < 797,1
955 < 17 < 223,0
282 < 610 < 904,1
677 < 546 < 878,0
120 < 252 < 424,1
780 < 468 < 109,0
135 < 192 < 333,1
823 < 215 < 159,0
732 < 804 < 825,1
897 < 397 < 295,0
199 < 331 < 643,1
127 < 787 < 504,0
62 < 77 < 123,1
396 < 419 < 271,0
366 < 817 < 869,1
595 < 68 < 313,0
167 < 427 < 808,1
31 < 930 < 425,0
66 < 226 < 800,1
335 < 69 < 451,0
637 < 778 < 957,1
952 < 688 < 888,0
269 < 746 < 970,1
896 < 978 < 493,0
7 < 125 < 848,1
380 < 647 < 242,0
107 < 416 < 835,1
221 < 74 < 280,0
136 < 285 < 682,1
143 < 37 < 146,0
289 < 667 < 818,1
432 < 101 < 169,0
507 < 959 < 961,1
248 < 161 < 104,0
354 < 593 < 645,1
474 < 939 < 62,0
191 < 560 < 913,1
745 < 377 < 822,0
243 < 740 < 763,1
634 < 741 < 150,0
145 < 315 < 635,1
327 < 665 < 213,0
579 < 624 < 830,1
585 < 140 < 232,0
395 < 921 < 940,1
361 < 659 < 27,0
501 < 625 < 674,1
763 < 385 < 767,0
69 < 590 < 851,1
984 < 135 < 886,0
72 < 944 < 947,1
623 < 5 < 297,0
64 < 196 < 897,1
357 < 730 < 88,0
38 < 140 < 761,1
949 < 904 < 514,0
483 < 777 < 931,1
891 < 9 < 223,0
381 < 729 < 844,1
614 < 79 < 514,0
38 < 229 < 314,1
224 < 64 < 288,0
124 < 281 < 928,1
821 < 337 < 433,0
281 < 567 < 955,1
400 < 781 < 704,0
132 < 250 < 690,1
736 < 906 < 26,0
215 < 717 < 789,1
695 < 915 < 258,0
391 < 549 < 707,1
717 < 135 < 662,0
220 < 805 < 850,1
763 < 976 < 831,0
85 < 551 < 585,1
493 < 824 < 140,0
647 < 745 < 816,1
144 < 648 < 327,0
263 < 264 < 754,1
771 < 1 < 3,0
63 < 88 < 677,1
930 < 517 < 233,0
681 < 865 < 907,1
933 < 601 < 369,0
81 < 858 < 947,1
829 < 870 < 97,0
319 < 484 < 833,1
522 < 332 < 833,0
124 < 695 < 987,1
703 < 979 < 317,0
366 < 610 < 895,1
779 < 693 < 50,0
162 < 780 < 878,1
868 < 65 < 229,0
508 < 831 < 954,1
455 < 145 < 133,0
22 < 539 < 623,1
551 < 50 < 267,0
403 < 576 < 669,1
376 < 123 < 840,0
35 < 518 < 620,1
972 < 879 < 744,0
139 < 245 < 642,1
524 < 149 < 984,0
210 < 573 < 640,1
574 < 96 < 439,0
549 < 818 < 887,1
631 < 367 < 176,0
326 < 474 < 915,1
963 < 702 < 469,0
270 < 303 < 704,1
844 < 288 < 832,0
97 < 635 < 704,1
886 < 731 < 321,0
492 < 609 < 956,1
983 < 91 < 866,0
345 < 392 < 426,1
589 < 182 < 201,0
265 < 674 < 988,1
365 < 12 < 158,0
269 < 308 < 556,1
631 < 547 < 446,0
360 < 371 < 824,1
795 < 150 < 211,0
258 < 589 < 609,1
969 < 275 < 335,0
213 < 242 < 693,1
914 < 595 < 80,0
467 < 552 < 801,1
415 < 220 < 727,0
165 < 479 < 610,1
895 < 837 < 39,0
389 < 622 < 865,1
234 < 318 < 203,0
173 < 213 < 788,1
998 < 100 < 371,0
215 < 601 < 941,1
820 < 987 < 146,0
565 < 787 < 837,1
928 < 182 < 893,0
272 < 755 < 936,1
922 < 624 < 481,0
399 < 416 < 523,1
577 < 24 < 569,0
594 < 748 < 946,1
221 < 218 < 331,0
188 < 309 < 947,1
77 < 235 < 41,0
322 < 348 < 469,1
23 < 646 < 118,0
106 < 460 < 689,1
725 < 899 < 723,0
484 < 905 < 981,1
437 < 80 < 239,0
56 < 265 < 848,1
839 < 884 < 704,0
46 < 206 < 544,1
401 < 270 < 680,0
154 < 685 < 874,1
104 < 788 < 359,0
114 < 291 < 705,1
487 < 277 < 822,0
82 < 102 < 786,1
28 < 269 < 140,0
159 < 472 < 652,1
76 < 790 < 430,0
356 < 378 < 551,1
123 < 802 < 176,0
577 < 638 < 890,1
345 < 534 < 374,0
62 < 356 < 720,1
724 < 594 < 620,0
262 < 930 < 976,1
294 < 825 < 679,0
101 < 144 < 911,1
719 < 737 < 339,0
519 < 758 < 953,1
829 < 500 < 34,0
189 < 205 < 734,1
299 < 221 < 526,0
64 < 465 < 620,1
506 < 39 < 361,0
504 < 571 < 723,1
804 < 947 < 24,0
122 < 665 < 920,1
857 < 233 < 435,0
296 < 347 < 872,1
212 < 576 < 400,0
45 < 608 < 771,1
866 < 148 < 121,0
55 < 156 < 368,1
852 < 992 < 488,0
226 < 537 < 852,1
578 < 703 < 432,0
53 < 198 < 292,1
369 < 366 < 123,0
38 < 297 < 985,1
830 < 21 < 850,0
266 < 301 < 721,1
707 < 586 < 441,0
372 < 375 < 700,1
931 < 927 < 70,0
508 < 536 < 925,1
787 < 177 < 817,0
368 < 382 < 664,1
847 < 599 < 431,0
138 < 353 < 943,1
318 < 107 < 137,0
179 < 354 < 827,1
243 < 739 < 353,0
85 < 312 < 445,1
957 < 410 < 471,0
204 < 294 < 406,1
492 < 424 < 157,0
61 < 400 < 983,1
342 < 260 < 288,0
286 < 413 < 630,1
891 < 519 < 613,0
127 < 274 < 534,1
703 < 449 < 445,0
405 < 474 < 591,1
822 < 923 < 286,0
74 < 777 < 843,1
536 < 797 < 560,0
256 < 283 < 797,1
861 < 515 < 907,0
301 < 467 < 592,1
429 < 963 < 736,0
897 < 898 < 909,1
593 < 847 < 744,0
639 < 653 < 949,1
371 < 865 < 84,0
183 < 508 < 990,1
175 < 551 < 5,0
17 < 132 < 661,1
759 < 257 < 445,0
161 < 487 < 901,1
680 < 429 < 717,0
199 < 304 < 389,1
989 < 180 < 319,0
174 < 317 < 396,1
803 < 63 < 832,0
54 < 488 < 585,1
36 < 827 < 293,0
227 < 379 < 980,1
525 < 602 < 359,0
87 < 111 < 720,1
861 < 901 < 213,0
402 < 510 < 944,1
662 < 145 < 724,0
423 < 660 < 975,1
946 < 649 < 788,0
26 < 714 < 893,1
491 < 922 < 253,0
118 < 678 < 687,1
746 < 295 < 280,0
185 < 300 < 884,1
918 < 966 < 433,0
15 < 119 < 453,1
349 < 215 < 919,0
515 < 799 < 976,1
894 < 935 < 345,0
550 < 762 < 816,1
100 < 626 < 331,0
130 < 309 < 890,1
548 < 870 < 567,0
190 < 572 < 955,1
468 < 953 < 460,0
18 < 290 < 587,1
700 < 565 < 785,0
345 < 396 < 924,1
815 < 4 < 490,0
7 < 161 < 878,1
917 < 453 < 392,0
6 < 791 < 892,1
341 < 449 < 414,0
577 < 589 < 617,1
160 < 740 < 390,0
86 < 360 < 789,1
451 < 902 < 685,0
147 < 663 < 963,1
644 < 821 < 491,0
121 < 218 < 248,1
954 < 460 < 254,0
41 < 563 < 619,1
279 < 108 < 750,0
261 < 811 < 866,1
993 < 878 < 422,0
291 < 673 < 741,1
456 < 125 < 217,0
117 < 532 < 618,1
983 < 363 < 975,0
409 < 692 < 896,1
214 < 646 < 195,0
142 < 292 < 676,1
691 < 600 < 390,0
242 < 459 < 789,1
684 < 174 < 331,0
3 < 101 < 369,1
898 < 669 < 452,0
98 < 761 < 936,1
922 < 281 < 968,0
423 < 753 < 767,1
95 < 565 < 391,0
96 < 402 < 690,1
772 < 803 < 560,0
177 < 839 < 905,1
620 < 785 < 575,0
94 < 135 < 722,1
481 < 866 < 174,0
102 < 149 < 490,1
653 < 502 < 153,0
538 < 697 < 846,1
837 < 282 < 505,0
111 < 366 < 475,1
710 < 80 < 943,0
428 < 501 < 657,1
815 < 699 < 804,0
8 < 675 < 992,1
467 < 990 < 778,0
193 < 220 < 224,1
765 < 365 < 9,0
4 < 456 < 755,1
951 < 77 < 232,0
40 < 95 < 515,1
979 < 460 < 509,0
243 < 270 < 437,1
256 < 83 < 982,0
92 < 253 < 971,1
445 < 555 < 47,0
27 < 576 < 950,1
373 < 484 < 117,0
173 < 602 < 858,1
978 < 650 < 673,0
360 < 640 < 663,1
107 < 97 < 315,0
329 < 722 < 777,1
841 < 766 < 916,0
263 < 481 < 865,1
868 < 872 < 583,0
22 < 322 < 569,1
251 < 222 < 566,0
235 < 851 < 979,1
733 < 883 < 750,0
3 < 11 < 906,1
74 < 410 < 348,0
27 < 387 < 539,1
643 < 812 < 235,0
116 < 214 < 382,1
741 < 892 < 617,0
753 < 837 < 841,1
935 < 51 < 858,0
626 < 856 < 943,1
902 < 303 < 578,0
181 < 217 < 944,1
649 < 617 < 982,0
443 < 723 < 806,1
317 < 72 < 481,0
772 < 775 < 932,1
351 < 16 < 390,0
65 < 134 < 141,1
570 < 564 < 860,0
236 < 415 < 535,1
868 < 160 < 36,0
601 < 762 < 900,1
229 < 639 < 457,0
69 < 353 < 603,1
155 < 462 < 224,0
203 < 260 < 768,1
734 < 574 < 140,0
419 < 802 < 954,1
626 < 517 < 785,0
117 < 449 < 662,1
458 < 771 < 660,0
453 < 838 < 955,1
459 < 615 < 287,0
343 < 594 < 699,1
840 < 188 < 160,0
352 < 874 < 971,1
418 < 291 < 174,0
721 < 846 < 965,1
353 < 516 < 51,0
103 < 258 < 323,1
306 < 703 < 342,0
40 < 71 < 291,1
48 < 51 < 29,0
35 < 716 < 731,1
822 < 475 < 936,0
157 < 667 < 685,1
800 < 312 < 848,0
87 < 243 < 250,1
735 < 387 < 24,0
65 < 647 < 758,1
841 < 285 < 878,0
87 < 302 < 365,1
762 < 373 < 299,0
324 < 684 < 948,1
732 < 747 < 397,0
129 < 659 < 754,1
21 < 849 < 790,0
216 < 388 < 651,1
212 < 186 < 298,0
634 < 847 < 976,1
554 < 329 < 371,0
567 < 662 < 739,1
992 < 262 < 753,0
32 < 74 < 367,1
587 < 260 < 556,0
183 < 615 < 630,1
899 < 808 < 682,0
697 < 875 < 956,1
288 < 874 < 507,0
382 < 633 < 772,1
683 < 590 < 346,0
610 < 751 < 996,1
320 < 183 < 156,0
88 < 721 < 838,1
631 < 803 < 58,0
285 < 402 < 552,1
800 < 331 < 306,0
160 < 713 < 827,1
803 < 542 < 634,0
504 < 862 < 920,1
254 < 889 < 718,0
118 < 158 < 821,1
699 < 749 < 223,0
80 < 664 < 755,1
830 < 936 < 252,0
193 < 396 < 712,1
595 < 967 < 91,0
477 < 544 < 582,1
487 < 843 < 821,0
89 < 394 < 470,1
435 < 275 < 508,0
114 < 779 < 972,1
373 < 337 < 847,0
24 < 640 < 926,1
234 < 716 < 156,0
53 < 104 < 759,1
503 < 998 < 967,0
79 < 263 < 883,1
359 < 512 < 219,0
346 < 665 < 997,1
864 < 435 < 773,0
158 < 881 < 920,1
269 < 225 < 284,0
135 < 176 < 719,1
317 < 889 < 537,0
141 < 183 < 403,1
463 < 59 < 507,0
23 < 739 < 766,1
665 < 588 < 117,0
24 < 66 < 208,1
745 < 377 < 994,0
6 < 487 < 533,1
346 < 815 < 68,0
220 < 288 < 545,1
974 < 816 < 176,0
33 < 703 < 926,1
249 < 235 < 688,0
156 < 365 < 501,1
759 < 205 < 150,0
69 < 235 < 423,1
224 < 500 < 42,0
523 < 735 < 964,1
967 < 898 < 630,0
283 < 345 < 349,1
229 < 840 < 176,0
12 < 37 < 58,1
72 < 895 < 593,0
115 < 657 < 841,1
619 < 90 < 906,0
100 < 294 < 540,1
462 < 342 < 64,0
134 < 264 < 572,1
676 < 527 < 561,0
388 < 525 < 540,1
823 < 918 < 821,0
81 < 95 < 834,1
353 < 140 < 221,0
144 < 653 < 878,1
972 < 867 < 704,0
228 < 990 < 994,1
951 < 435 < 411,0
594 < 603 < 861,1
312 < 757 < 453,0
394 < 485 < 751,1
26 < 945 < 684,0
354 < 461 < 555,1
16 < 895 < 652,0
801 < 827 < 886,1
780 < 601 < 339,0
262 < 373 < 937,1
685 < 177 < 431,0
26 < 61 < 371,1
824 < 379 < 215,0
113 < 381 < 637,1
293 < 273 < 838,0
55 < 574 < 822,1
162 < 571 < 405,0
58 < 556 < 978,1
910 < 722 < 954,0
52 < 679 < 683,1
46 < 966 < 636,0
262 < 855 < 890,1
44 < 886 < 233,0
232 < 339 < 978,1
596 < 780 < 15,0
602 < 672 < 961,1
684 < 498 < 776,0
507 < 727 < 923,1
840 < 103 < 120,0
665 < 888 < 995,1
599 < 293 < 775,0
449 < 882 < 929,1
485 < 995 < 766,0
141 < 510 < 562,1
500 < 44 < 206,0
301 < 447 < 679,1
790 < 381 < 173,0
132 < 593 < 893,1
152 < 639 < 363,0
273 < 330 < 663,1
749 < 348 < 768,0
45 < 66 < 954,1
616 < 636 < 141,0
25 < 369 < 750,1
888 < 116 < 885,0
27 < 345 < 500,1
28 < 953 < 847,0
885 < 894 < 969,1
640 < 458 < 277,0
249 < 563 < 879,1
7 < 611 < 200,0
109 < 701 < 735,1
961 < 438 < 522,0
207 < 222 < 352,1
54 < 624 < 23,0
152 < 456 < 958,1
864 < 243 < 132,0
163 < 309 < 360,1
296 < 174 < 670,0
334 < 518 < 787,1
8 < 952 < 787,0
453 < 464 < 663,1
912 < 653 < 548,0
69 < 771 < 773,1
595 < 63 < 15,0
128 < 378 < 997,1
616 < 874 < 461,0
130 < 562 < 881,1
381 < 943 < 246,0
558 < 847 < 867,1
734 < 925 < 674,0
93 < 458 < 966,1
444 < 172 < 22,0
488 < 624 < 704,1
213 < 996 < 335,0
519 < 664 < 879,1
411 < 849 < 638,0
206 < 586 < 954,1
671 < 959 < 573,0
279 < 639 < 869,1
618 < 47 < 873,0
467 < 819 < 851,1
802 < 510 < 656,0
164 < 314 < 757,1
870 < 438 < 667,0
292 < 480 < 624,1
821 < 349 < 510,0
447 < 482 < 721,1
732 < 216 < 21,0
200 < 591 < 651,1
897 < 384 < 750,0
518 < 922 < 956,1
581 < 414 < 663,0
711 < 940 < 949,1
817 < 869 < 167,0
60 < 94 < 383,1
476 < 646 < 255,0
86 < 236 < 584,1
706 < 861 < 214,0
48 < 249 < 688,1
204 < 825 < 195,0
310 < 495 < 756,1
983 < 276 < 309,0
142 < 296 < 601,1
966 < 244 < 893,0
36 < 485 < 627,1
292 < 12 < 438,0
56 < 687 < 755,1
447 < 444 < 999,0
75 < 630 < 698,1
40 < 871 < 158,0
256 < 489 < 565,1
673 < 240 < 432,0
476 < 764 < 810,1
348 < 254 < 325,0
452 < 607 < 997,1
919 < 697 < 836,0
22 < 424 < 866,1
213 < 668 < 50,0
225 < 378 < 976,1
624 < 490 < 787,0
348 < 819 < 857,1
676 < 111 < 230,0
7 < 314 < 468,1
836 < 710 < 697,0
364 < 498 < 806,1
175 < 624 < 367,0
218 < 280 < 295,1
342 < 714 < 107,0
140 < 563 < 845,1
313 < 704 < 603,0
135 < 443 < 599,1
752 < 177 < 712,0
86 < 234 < 801,1
137 < 752 < 612,0
43 < 72 < 715,1
849 < 472 < 487,0
9 < 385 < 892,1
657 < 289 < 912,0
292 < 483 < 648,1
551 < 470 < 967,0
224 < 275 < 523,1
307 < 239 < 143,0
257 < 270 < 954,1
471 < 320 < 673,0
15 < 223 < 574,1
379 < 125 < 14,0
33 < 187 < 977,1
331 < 116 < 959,0
237 < 776 < 923,1
844 < 992 < 798,0
109 < 639 < 752,1
485 < 690 < 407,0
198 < 426 < 933,1
327 < 929 < 305,0
479 < 984 < 995,1
481 < 19 < 930,0
366 < 478 < 878,1
570 < 913 < 665,0
177 < 710 < 836,1
911 < 226 < 237,0
37 < 651 < 992,1
926 < 745 < 155,0
292 < 475 < 856,1
438 < 525 < 361,0
251 < 312 < 474,1
567 < 437 < 668,0
6 < 400 < 568,1
421 < 196 < 329,0
418 < 712 < 972,1
13 < 612 < 235,0
390 < 699 < 773,1
188 < 919 < 437,0
317 < 612 < 878,1
911 < 502 < 757,0
38 < 540 < 855,1
889 < 211 < 855,0
133 < 755 < 850,1
664 < 273 < 6,0
314 < 548 < 550,1
345 < 853 < 10,0
395 < 570 < 860,1
623 < 118 < 851,0
309 < 761 < 785,1
768 < 149 < 589,0
452 < 490 < 698,1
116 < 390 < 198,0
529 < 540 < 882,1
922 < 216 < 317,0
161 < 279 < 960,1
765 < 620 < 726,0
296 < 466 < 824,1
200 < 658 < 323,0
441 < 654 < 977,1
98 < 120 < 108,0
48 < 214 < 555,1
845 < 797 < 676,0
194 < 352 < 854,1
958 < 418 < 588,0
260 < 288 < 578,1
110 < 845 < 703,0
122 < 667 < 755,1
149 < 723 < 585,0
253 < 281 < 549,1
697 < 70 < 961,0
605 < 625 < 813,1
507 < 899 < 797,0
202 < 285 < 816,1
951 < 207 < 444,0
2 < 149 < 171,1
296 < 837 < 436,0
76 < 439 < 596,1
836 < 198 < 414,0
809 < 818 < 892,1
725 < 775 < 81,0
322 < 709 < 885,1
195 < 55 < 446,0
64 < 141 < 548,1
638 < 456 < 92,0
620 < 962 < 968,1
20 < 607 < 462,0
8 < 396 < 619,1
232 < 51 < 699,0
365 < 390 < 951,1
101 < 947 < 122,0
388 < 724 < 879,1
585 < 739 < 443,0
212 < 464 < 608,1
708 < 288 < 666,0
127 < 347 < 990,1
142 < 990 < 154,0
732 < 738 < 835,1
135 < 994 < 74,0
113 < 372 < 378,1
798 < 90 < 734,0
439 < 681 < 936,1
299 < 162 < 196,0
106 < 615 < 653,1
936 < 684 < 500,0
42 < 843 < 859,1
223 < 58 < 700,0
340 < 357 < 406,1
693 < 403 < 637,0
55 < 392 < 721,1
306 < 995 < 387,0
33 < 672 < 947,1
399 < 394 < 914,0
341 < 501 < 843,1
18 < 964 < 410,0
31 < 175 < 973,1
621 < 491 < 414,0
154 < 156 < 382,1
845 < 411 < 645,0
52 < 681 < 915,1
884 < 659 < 503,0
209 < 351 < 977,1
398 < 282 < 127,0
769 < 826 < 985,1
590 < 312 < 282,0
176 < 571 < 670,1
810 < 66 < 200,0
363 < 420 < 799,1
678 < 596 < 222,0
99 < 378 < 752,1
411 < 110 < 96,0
71 < 308 < 507,1
660 < 579 < 667,0
155 < 254 < 526,1
815 < 710 < 420,0
134 < 634 < 840,1
475 < 576 < 289,0
56 < 137 < 910,1
532 < 591 < 348,0
13 < 54 < 413,1
891 < 236 < 852,0
661 < 781 < 846,1
786 < 968 < 839,0
518 < 602 < 731,1
999 < 383 < 88,0
287 < 746 < 954,1
563 < 392 < 342,0
36 < 765 < 897,1
729 < 159 < 957,0
425 < 836 < 879,1
56 < 6 < 488,0
65 < 810 < 962,1
94 < 84 < 722,0
352 < 415 < 776,1
225 < 54 < 426,0
124 < 282 < 413,1
4 < 586 < 541,0
479 < 949 < 950,1
176 < 159 < 156,0
194 < 422 < 469,1
197 < 372 < 76,0
141 < 463 < 706,1
788 < 339 < 505,0
423 < 783 < 900,1
692 < 773 < 534,0
660 < 727 < 980,1
351 < 788 < 551,0
94 < 150 < 418,1
817 < 462 < 694,0
8 < 78 < 145,1
984 < 984 < 453,0
700 < 752 < 864,1
342 < 468 < 176,0
453 < 887 < 916,1
827 < 333 < 624,0
176 < 692 < 841,1
936 < 185 < 24,0
215 < 276 < 982,1
687 < 524 < 125,0
282 < 503 < 887,1
840 < 342 < 199,0
239 < 862 < 891,1
188 < 960 < 766,0
71 < 543 < 695,1
141 < 89 < 899,0
646 < 713 < 773,1
584 < 25 < 935,0
108 < 524 < 655,1
799 < 247 < 511,0
412 < 482 < 710,1
309 < 716 < 640,0
538 < 584 < 749,1
132 < 870 < 114,0
97 < 126 < 374,1
496 < 306 < 120,0
165 < 241 < 344,1
488 < 232 < 866,0
453 < 708 < 966,1
681 < 746 < 519,0
31 < 505 < 863,1
89 < 827 < 55,0
157 < 737 < 781,1
39 < 828 < 147,0
819 < 827 < 957,1
645 < 969 < 122,0
658 < 960 < 980,1
786 < 674 < 944,0
98 < 500 < 933,1
796 < 845 < 245,0
674 < 692 < 985,1
921 < 588 < 876,0
594 < 801 < 902,1
205 < 623 < 365,0
74 < 144 < 706,1
999 < 131 < 565,0
178 < 714 < 996,1
772 < 148 < 582,0
75 < 260 < 612,1
382 < 583 < 400,0
237 < 442 < 978,1
578 < 202 < 854,0
391 < 806 < 967,1
899 < 895 < 688,0
614 < 659 < 839,1
300 < 925 < 909,0
85 < 537 < 679,1
949 < 843 < 934,0
137 < 162 < 284,1
673 < 231 < 650,0
319 < 538 < 575,1
768 < 121 < 198,0
243 < 638 < 681,1
947 < 506 < 845,0
7 < 800 < 812,1
618 < 416 < 891,0
13 < 111 < 886,1
612 < 429 < 735,0
42 < 452 < 633,1
113 < 8 < 834,0
313 < 413 < 865,1
750 < 184 < 756,0
9 < 142 < 352,1
956 < 996 < 6,0
82 < 407 < 884,1
389 < 42 < 849,0
71 < 372 < 675,1
774 < 958 < 518,0
344 < 410 < 665,1
982 < 488 < 84,0
188 < 717 < 951,1
464 < 215 < 279,0
231 < 309 < 786,1
498 < 540 < 456,0
345 < 858 < 977,1
694 < 394 < 195,0
421 < 535 < 645,1
919 < 929 < 355,0
180 < 289 < 831,1
948 < 183 < 253,0
363 < 910 < 998,1
691 < 433 < 144,0
140 < 699 < 821,1
146 < 555 < 175,0
161 < 534 < 846,1
44 < 927 < 398,0
438 < 527 < 917,1
996 < 519 < 176,0
138 < 148 < 594,1
302 < 965 < 855,0
332 < 453 < 807,1
137 < 490 < 261,0
800 < 862 < 995,1
523 < 839 < 444,0
177 < 839 < 966,1
630 < 398 < 585,0
241 < 553 < 870,1
414 < 770 < 382,0
448 < 788 < 887,1
408 < 562 < 311,0
390 < 704 < 915,1
76 < 451 < 219,0
44 < 504 < 926,1
435 < 632 < 301,0
280 < 529 < 841,1
527 < 531 < 244,0
125 < 718 < 983,1
394 < 650 < 389,0
296 < 826 < 863,1
334 < 662 < 360,0
38 < 192 < 725,1
663 < 378 < 632,0
72 < 430 < 964,1
837 < 263 < 269,0
259 < 789 < 942,1
835 < 474 < 4,0
278 < 448 < 667,1
656 < 922 < 210,0
286 < 321 < 747,1
997 < 956 < 607,0
198 < 364 < 798,1
317 < 204 < 314,0
703 < 834 < 921,1
276 < 579 < 381,0
7 < 169 < 338,1
242 < 665 < 309,0
119 < 277 < 417,1
457 < 803 < 0,0
449 < 478 < 526,1
271 < 980 < 249,0
164 < 343 < 485,1
1000 < 704 < 330,0
340 < 553 < 589,1
56 < 883 < 181,0
457 < 706 < 964,1
232 < 153 < 331,0
463 < 736 < 847,1
285 < 194 < 256,0
142 < 239 < 935,1
706 < 643 < 264,0
214 < 517 < 759,1
131 < 596 < 447,0
251 < 556 < 604,1
445 < 438 < 326,0
43 < 119 < 576,1
115 < 880 < 647,0
173 < 363 < 587,1
755 < 919 < 340,0
58 < 178 < 654,1
675 < 41 < 312,0
150 < 479 < 748,1
845 < 944 < 132,0
252 < 317 < 661,1
808 < 410 < 572,0
214 < 319 < 325,1
398 < 2 < 554,0
7 < 359 < 523,1
84 < 2 < 631,0
53 < 160 < 257,1
992 < 384 < 967,0
3 < 181 < 913,1
624 < 704 < 206,0
7 < 447 < 897,1
93 < 996 < 950,0
185 < 294 < 730,1
537 < 336 < 547,0
144 < 474 < 907,1
112 < 942 < 939,0
30 < 71 < 625,1
385 < 736 < 31,0
323 < 509 < 526,1
922 < 231 < 541,0
130 < 217 < 758,1
809 < 988 < 204,0
28 < 526 < 689,1
485 < 76 < 437,0
663 < 759 < 924,1
809 < 603 < 13,0
3 < 211 < 689,1
325 < 657 < 631,0
16 < 328 < 670,1
973 < 567 < 866,0
267 < 401 < 831,1
235 < 599 < 394,0
147 < 219 < 370,1
861 < 333 < 291,0
286 < 291 < 645,1
300 < 249 < 311,0
614 < 756 < 910,1
979 < 166 < 586,0
241 < 619 < 731,1
793 < 843 < 261,0
96 < 445 < 824,1
603 < 287 < 623,0
78 < 541 < 641,1
762 < 15 < 561,0
165 < 232 < 947,1
823 < 717 < 844,0
484 < 517 < 691,1
637 < 202 < 372,0
120 < 211 < 820,1
726 < 404 < 956,0
205 < 286 < 316,1
988 < 435 < 236,0
373 < 802 < 940,1
502 < 871 < 361,0
225 < 459 < 985,1
597 < 255 < 877,0
76 < 161 < 997,1
235 < 831 < 328,0
158 < 694 < 822,1
961 < 925 < 226,0
738 < 783 < 954,1
652 < 288 < 430,0
20 < 285 < 972,1
524 < 805 < 761,0
305 < 341 < 413,1
603 < 785 < 741,0
73 < 223 < 232,1
784 < 397 < 8,0
168 < 669 < 792,1
347 < 115 < 53,0
71 < 164 < 526,1
252 < 249 < 871,0
92 < 252 < 268,1
703 < 3 < 314,0
309 < 418 < 699,1
597 < 841 < 257,0
160 < 544 < 917,1
789 < 590 < 87,0
148 < 525 < 927,1
65 < 678 < 678,0
184 < 428 < 878,1
302 < 795 < 213,0
80 < 517 < 944,1
613 < 15 < 550,0
77 < 263 < 481,1
708 < 122 < 133,0
491 < 508 < 968,1
373 < 728 < 663,0
614 < 763 < 765,1
619 < 469 < 827,0
565 < 795 < 924,1
322 < 731 < 390,0
214 < 534 < 871,1
472 < 92 < 165,0
436 < 665 < 966,1
868 < 525 < 512,0
96 < 651 < 770,1
762 < 871 < 182,0
153 < 186 < 417,1
916 < 318 < 57,0
128 < 345 < 401,1
771 < 514 < 443,0
517 < 532 < 666,1
762 < 436 < 685,0
113 < 571 < 926,1
957 < 76 < 630,0
364 < 423 < 434,1
565 < 967 < 834,0
693 < 803 < 949,1
464 < 432 < 713,0
254 < 430 < 505,1
945 < 145 < 908,0
62 < 77 < 774,1
135 < 26 < 502,0
76 < 286 < 549,1
328 < 860 < 216,0
395 < 949 < 957,1
43 < 389 < 183,0
300 < 597 < 994,1
382 < 892 < 95,0
375 < 720 < 868,1
978 < 243 < 479,0
168 < 248 < 583,1
27 < 662 < 243,0
57 < 288 < 984,1
766 < 535 < 332,0
204 < 373 < 774,1
614 < 592 < 108,0
61 < 189 < 534,1
797 < 287 < 462,0
40 < 183 < 729,1
426 < 412 < 390,0
142 < 388 < 656,1
362 < 950 < 221,0
102 < 136 < 531,1
449 < 128 < 357,0
404 < 576 < 939,1
583 < 741 < 144,0
98 < 952 < 954,1
464 < 645 < 509,0
72 < 241 < 660,1
276 < 216 < 220,0
449 < 744 < 759,1
994 < 108 < 973,0
14 < 362 < 570,1
154 < 192 < 155,0
10 < 149 < 510,1
613 < 775 < 490,0
77 < 738 < 821,1
905 < 477 < 648,0
116 < 663 < 705,1
521 < 131 < 397,0
392 < 752 < 770,1
436 < 375 < 599,0
19 < 49 < 261,1
791 < 511 < 750,0
82 < 123 < 498,1
518 < 864 < 37,0
102 < 651 < 715,1
714 < 227 < 248,0
572 < 670 < 789,1
912 < 577 < 385,0
199 < 506 < 751,1
756 < 129 < 490,0
124 < 409 < 530,1
934 < 185 < 582,0
120 < 266 < 691,1
637 < 323 < 317,0
151 < 536 < 609,1
515 < 983 < 702,0
62 < 465 < 600,1
153 < 533 < 81,0
245 < 286 < 720,1
967 < 276 < 180,0
478 < 681 < 816,1
354 < 995 < 312,0
162 < 492 < 946,1
569 < 194 < 214,0
295 < 475 < 999,1
548 < 693 < 310,0
64 < 173 < 885,1
95 < 800 < 796,0
238 < 275 < 276,1
362 < 36 < 821,0
283 < 455 < 791,1
819 < 988 < 31,0
46 < 509 < 537,1
682 < 469 < 580,0
270 < 963 < 985,1
958 < 589 < 164,0
261 < 346 < 898,1
361 < 734 < 638,0
190 < 364 < 552,1
917 < 887 < 276,0
85 < 150 < 668,1
632 < 299 < 333,0
628 < 818 < 858,1
155 < 699 < 496,0
155 < 789 < 914,1
643 < 291 < 37,0
176 < 719 < 857,1
382 < 286 < 798,0
97 < 341 < 908,1
76 < 679 < 404,0
308 < 365 < 671,1
717 < 578 < 15,0
84 < 205 < 765,1
427 < 103 < 781,0
81 < 175 < 789,1
921 < 810 < 219,0
344 < 854 < 991,1
885 < 881 < 19,0
408 < 456 < 916,1
481 < 525 < 407,0
99 < 774 < 942,1
629 < 731 < 669,0
50 < 389 < 991,1
868 < 535 < 609,0
115 < 177 < 523,1
477 < 338 < 283,0
136 < 592 < 697,1
914 < 957 < 878,0
48 < 75 < 844,1
44 < 670 < 647,0
229 < 457 < 528,1
626 < 589 < 334,0
344 < 653 < 772,1
24 < 948 < 103,0
392 < 569 < 932,1
526 < 913 < 635,0
386 < 512 < 983,1
259 < 937 < 749,0
113 < 320 < 359,1
806 < 951 < 535,0
78 < 379 < 593,1
311 < 266 < 936,0
53 < 147 < 229,1
887 < 770 < 372,0
471 < 536 < 946,1
740 < 646 < 898,0
58 < 764 < 777,1
573 < 841 < 74,0
79 < 217 < 881,1
966 < 639 < 472,0
562 < 611 < 717,1
780 < 235 < 337,0
152 < 645 < 810,1
27 < 422 < 52,0
88 < 287 < 681,1
620 < 146 < 896,0
291 < 351 < 946,1
561 < 883 < 816,0
6 < 458 < 627,1
515 < 234 < 10,0
43 < 259 < 288,1
995 < 611 < 577,0
254 < 432 < 557,1
748 < 876 < 77,0
20 < 285 < 633,1
211 < 713 < 646,0
301 < 850 < 885,1
970 < 839 < 105,0
256 < 370 < 681,1
703 < 244 < 225,0
7 < 200 < 722,1
660 < 74 < 170,0
421 < 689 < 982,1
622 < 233 < 0,0
53 < 415 < 764,1
585 < 342 < 617,0
80 < 444 < 891,1
954 < 302 < 590,0
88 < 182 < 728,1
366 < 902 < 785,0
464 < 523 < 525,1
681 < 214 < 460,0
557 < 600 < 782,1
795 < 332 < 40,0
76 < 553 < 568,1
921 < 946 < 783,0
447 < 503 < 999,1
856 < 178 < 699,0
483 < 616 < 717,1
66 < 657 < 470,0
0 < 135 < 342,1
635 < 46 < 555,0
193 < 444 < 615,1
403 < 237 < 142,0
121 < 721 < 910,1
240 < 571 < 481,0
188 < 379 < 689,1
161 < 146 < 271,0
387 < 467 < 554,1
690 < 494 < 941,0
365 < 742 < 838,1
479 < 233 < 552,0
48 < 545 < 749,1
326 < 806 < 98,0
400 < 405 < 800,1
577 < 965 < 844,0
198 < 840 < 942,1
167 < 564 < 421,0
221 < 595 < 754,1
253 < 886 < 529,0
698 < 752 < 954,1
170 < 20 < 876,0
188 < 497 < 819,1
683 < 80 < 36,0
31 < 146 < 376,1
613 < 418 < 212,0
62 < 273 < 314,1
902 < 857 < 66,0
739 < 827 < 836,1
528 < 715 < 290,0
120 < 235 < 592,1
610 < 316 < 784,0
244 < 559 < 732,1
676 < 128 < 307,0
239 < 601 < 858,1
860 < 707 < 660,0
249 < 334 < 820,1
81 < 415 < 217,0
147 < 596 < 948,1
877 < 98 < 570,0
109 < 219 < 590,1
955 < 33 < 970,0
65 < 124 < 822,1
870 < 526 < 939,0
380 < 786 < 798,1
909 < 281 < 126,0
589 < 744 < 845,1
847 < 39 < 94,0
431 < 685 < 746,1
474 < 644 < 356,0
91 < 429 < 643,1
733 < 228 < 711,0
458 < 527 < 562,1
950 < 52 < 657,0
190 < 429 < 617,1
380 < 836 < 503,0
151 < 667 < 959,1
908 < 515 < 848,0
19 < 696 < 908,1
450 < 571 < 528,0
513 < 851 < 852,1
799 < 393 < 254,0
83 < 203 < 709,1
635 < 283 < 315,0
153 < 605 < 736,1
54 < 703 < 387,0
243 < 763 < 832,1
429 < 136 < 257,0
7 < 596 < 844,1
490 < 46 < 459,0
225 < 457 < 677,1
950 < 324 < 789,0
233 < 293 < 408,1
155 < 884 < 177,0
26 < 237 < 673,1
703 < 633 < 236,0
181 < 223 < 434,1
739 < 972 < 268,0
331 < 732 < 882,1
631 < 269 < 837,0
286 < 334 < 680,1
829 < 910 < 875,0
32 < 261 < 329,1
362 < 113 < 3,0
41 < 897 < 991,1
926 < 610 < 450,0
481 < 726 < 939,1
546 < 321 < 758,0
559 < 901 < 988,1
218 < 443 < 117,0
3 < 126 < 179,1
402 < 12 < 832,0
255 < 394 < 526,1
879 < 632 < 164,0
433 < 607 < 683,1
444 < 230 < 31,0
0 < 409 < 529,1
646 < 636 < 538,0
314 < 525 < 632,1
685 < 975 < 162,0
212 < 215 < 318,1
798 < 139 < 495,0
390 < 646 < 950,1
176 < 992 < 119,0
395 < 630 < 979,1
419 < 941 < 308,0
144 < 304 < 905,1
263 < 807 < 233,0
443 < 733 < 830,1
698 < 516 < 892,0
190 < 607 < 769,1
636 < 97 < 252,0
556 < 784 < 876,1
654 < 493 < 712,0
217 < 401 < 654,1
847 < 561 < 134,0
480 < 848 < 854,1
544 < 747 < 261,0
410 < 554 < 644,1
546 < 845 < 107,0
46 < 403 < 726,1
744 < 58 < 259,0
410 < 477 < 637,1
611 < 368 < 493,0
36 < 69 < 803,1
969 < 127 < 556,0
239 < 858 < 862,1
816 < 177 < 634,0
751 < 821 < 898,1
823 < 376 < 623,0
94 < 214 < 551,1
309 < 15 < 620,0
16 < 185 < 836,1
195 < 816 < 101,0
359 < 528 < 965,1
682 < 859 < 617,0
270 < 544 < 662,1
567 < 599 < 536,0
153 < 171 < 530,1
38 < 228 < 167,0
122 < 486 < 829,1
688 < 498 < 811,0
187 < 604 < 904,1
579 < 977 < 737,0
119 < 358 < 631,1
633 < 95 < 751,0
652 < 729 < 860,1
864 < 300 < 162,0
12 < 591 < 903,1
861 < 139 < 207,0
66 < 224 < 978,1
216 < 169 < 116,0
123 < 141 < 890,1
386 < 780 < 9,0
14 < 114 < 649,1
457 < 346 < 399,0
188 < 761 < 789,1
621 < 530 < 130,0
290 < 451 < 515,1
915 < 662 < 998,0
260 < 277 < 639,1
484 < 101 < 279,0
115 < 476 < 907,1
17 < 439 < 395,0
147 < 466 < 675,1
869 < 524 < 490,0
238 < 574 < 911,1
143 < 842 < 131,0
660 < 930 < 939,1
53 < 767 < 91,0
365 < 801 < 954,1
248 < 928 < 341,0
196 < 209 < 827,1
68 < 827 < 712,0
118 < 289 < 620,1
569 < 90 < 883,0
18 < 626 < 708,1
318 < 661 < 185,0
115 < 212 < 631,1
445 < 206 < 165,0
117 < 390 < 648,1
557 < 46 < 75,0
385 < 750 < 918,1
901 < 303 < 815,0
2 < 55 < 822,1
424 < 426 < 226,0
169 < 478 < 847,1
924 < 781 < 866,0
321 < 801 < 826,1
305 < 676 < 145,0
546 < 853 < 957,1
858 < 166 < 941,0
29 < 821 < 976,1
649 < 313 < 296,0
67 < 186 < 542,1
69 < 752 < 529,0
149 < 549 < 986,1
955 < 830 < 4,0
64 < 275 < 360,1
156 < 563 < 1,0
212 < 227 < 809,1
618 < 511 < 826,0
196 < 320 < 549,1
175 < 34 < 789,0
186 < 266 < 306,1
530 < 907 < 493,0
17 < 516 < 524,1
874 < 787 < 829,0
353 < 374 < 584,1
850 < 280 < 537,0
288 < 313 < 360,1
919 < 314 < 828,0
88 < 949 < 979,1
43 < 906 < 435,0
59 < 679 < 820,1
330 < 874 < 59,0
49 < 654 < 929,1
486 < 127 < 435,0
795 < 913 < 929,1
830 < 939 < 278,0
296 < 561 < 607,1
309 < 15 < 669,0
235 < 442 < 889,1
489 < 953 < 684,0
556 < 630 < 893,1
582 < 446 < 694,0
330 < 386 < 438,1
504 < 914 < 645,0
276 < 496 < 689,1
318 < 176 < 189,0
243 < 442 < 759,1
744 < 655 < 623,0
378 < 621 < 706,1
877 < 478 < 370,0
278 < 295 < 506,1
781 < 764 < 323,0
421 < 484 < 931,1
604 < 794 < 236,0
179 < 839 < 859,1
415 < 602 < 50,0
385 < 620 < 764,1
537 < 762 < 343,0
381 < 388 < 627,1
548 < 29 < 112,0
286 < 658 < 897,1
148 < 892 < 1,0
361 < 607 < 623,1
544 < 34 < 809,0
217 < 671 < 865,1
111 < 758 < 24,0
383 < 624 < 658,1
807 < 366 < 106,0
21 < 208 < 351,1
772 < 542 < 936,0
494 < 505 < 918,1
322 < 764 < 439,0
268 < 419 < 633,1
123 < 775 < 206,0
36 < 55 < 668,1
1000 < 306 < 733,0
220 < 562 < 900,1
413 < 419 < 333,0
78 < 266 < 525,1
635 < 413 < 473,0
91 < 874 < 930,1
310 < 170 < 979,0
407 < 673 < 812,1
652 < 257 < 642,0
345 < 632 < 840,1
626 < 395 < 561,0
437 < 924 < 991,1
702 < 510 < 329,0
62 < 453 < 645,1
301 < 125 < 775,0
45 < 314 < 920,1
167 < 250 < 235,0
74 < 214 < 840,1
50 < 29 < 498,0
103 < 330 < 417,1
232 < 406 < 71,0
464 < 573 < 703,1
129 < 917 < 444,0
14 < 336 < 977,1
810 < 303 < 823,0
23 < 236 < 624,1
279 < 752 < 440,0
16 < 63 < 203,1
200 < 714 < 473,0
645 < 776 < 903,1
256 < 184 < 789,0
289 < 372 < 983,1
380 < 967 < 770,0
7 < 385 < 693,1
188 < 821 < 667,0
390 < 501 < 682,1
761 < 106 < 580,0
48 < 218 < 983,1
963 < 226 < 200,0
708 < 830 < 886,1
4 < 384 < 244,0
466 < 624 < 720,1
511 < 240 < 166,0
734 < 897 < 968,1
386 < 425 < 407,0
167 < 234 < 807,1
380 < 302 < 463,0
332 < 382 < 948,1
478 < 668 < 429,0
80 < 536 < 759,1
56 < 660 < 650,0
108 < 581 < 721,1
153 < 273 < 206,0
8 < 471 < 622,1
885 < 202 < 234,0
201 < 430 < 542,1
677 < 230 < 871,0
493 < 890 < 924,1
581 < 511 < 667,0
480 < 755 < 944,1
572 < 557 < 198,0
11 < 481 < 488,1
978 < 294 < 895,0
620 < 922 < 992,1
815 < 283 < 175,0
274 < 493 < 988,1
244 < 235 < 696,0
506 < 919 < 953,1
328 < 491 < 315,0
294 < 715 < 794,1
467 < 629 < 571,0
6 < 193 < 562,1
114 < 894 < 672,0
78 < 264 < 613,1
484 < 382 < 719,0
162 < 283 < 664,1
114 < 365 < 39,0
322 < 635 < 951,1
112 < 47 < 355,0
236 < 270 < 421,1
902 < 791 < 571,0
552 < 744 < 755,1
267 < 36 < 850,0
202 < 442 < 934,1
591 < 932 < 547,0
177 < 284 < 642,1
269 < 745 < 27,0
555 < 571 < 697,1
964 < 384 < 143,0
356 < 439 < 608,1
421 < 507 < 368,0
633 < 666 < 807,1
443 < 476 < 352,0
243 < 372 < 437,1
752 < 388 < 209,0
82 < 147 < 662,1
700 < 670 < 853,0
2 < 372 < 881,1
19 < 352 < 129,0
402 < 599 < 844,1
539 < 307 < 219,0
17 < 670 < 910,1
705 < 178 < 309,0
141 < 652 < 805,1
661 < 886 < 612,0
204 < 208 < 645,1
209 < 995 < 995,0
329 < 437 < 508,1
395 < 1 < 970,0
412 < 911 < 923,1
594 < 836 < 267,0
95 < 436 < 790,1
205 < 536 < 302,0
210 < 407 < 637,1
340 < 320 < 275,0
92 < 101 < 223,1
753 < 522 < 369,0
204 < 502 < 764,1
788 < 49 < 396,0
529 < 775 < 969,1
709 < 899 < 524,0
244 < 774 < 783,1
204 < 47 < 140,0
294 < 364 < 949,1
78 < 461 < 57,0
286 < 435 < 955,1
226 < 147 < 540,0
456 < 704 < 767,1
273 < 241 < 918,0
94 < 98 < 728,1
14 < 827 < 674,0
421 < 700 < 761,1
757 < 920 < 199,0
178 < 499 < 934,1
519 < 318 < 492,0
425 < 901 < 939,1
877 < 86 < 995,0
405 < 760 < 792,1
734 < 650 < 84,0
25 < 159 < 688,1
176 < 526 < 348,0
332 < 417 < 706,1
900 < 681 < 392,0
720 < 810 < 936,1
769 < 708 < 169,0
84 < 514 < 561,1
909 < 575 < 756,0
8 < 87 < 92,1
197 < 834 < 134,0
184 < 296 < 403,1
822 < 582 < 232,0
201 < 524 < 542,1
194 < 615 < 349,0
446 < 491 < 985,1
207 < 7 < 255,0
321 < 616 < 759,1
796 < 506 < 146,0
220 < 478 < 594,1
364 < 918 < 295,0
253 < 317 < 384,1
159 < 540 < 518,0
132 < 539 < 777,1
651 < 343 < 354,0
33 < 301 < 924,1
936 < 261 < 560,0
74 < 272 < 342,1
703 < 903 < 669,0
37 < 657 < 879,1
622 < 763 < 37,0
75 < 284 < 314,1
834 < 212 < 882,0
41 < 123 < 615,1
104 < 978 < 884,0
163 < 227 < 388,1
331 < 936 < 56,0
10 < 271 < 566,1
595 < 76 < 738,0
442 < 849 < 872,1
623 < 713 < 614,0
118 < 497 < 797,1
605 < 752 < 150,0
314 < 365 < 747,1
743 < 277 < 238,0
397 < 433 < 472,1
733 < 383 < 908,0
659 < 739 < 996,1
98 < 902 < 724,0
406 < 415 < 845,1
861 < 99 < 956,0
196 < 291 < 529,1
863 < 460 < 500,0
210 < 254 < 263,1
852 < 273 < 842,0
92 < 279 < 719,1
284 < 428 < 83,0
115 < 124 < 779,1
528 < 126 < 873,0
116 < 333 < 847,1
606 < 633 < 271,0
644 < 948 < 984,1
492 < 595 < 333,0
76 < 156 < 230,1
773 < 333 < 328,0
424 < 554 < 899,1
423 < 666 < 289,0
326 < 593 < 686,1
72 < 643 < 375,0
413 < 424 < 912,1
905 < 508 < 887,0
157 < 310 < 571,1
921 < 455 < 549,0
287 < 497 < 752,1
239 < 824 < 143,0
59 < 726 < 888,1
915 < 748 < 561,0
148 < 639 < 742,1
539 < 676 < 230,0
267 < 338 < 824,1
708 < 459 < 89,0
20 < 25 < 790,1
573 < 948 < 228,0
128 < 380 < 876,1
713 < 518 < 475,0
178 < 206 < 935,1
573 < 362 < 325,0
25 < 253 < 991,1
681 < 526 < 928,0
566 < 964 < 987,1
738 < 81 < 816,0
299 < 744 < 958,1
773 < 723 < 305,0
238 < 568 < 979,1
332 < 210 < 414,0
7 < 513 < 515,1
494 < 105 < 416,0
19 < 559 < 601,1
657 < 147 < 404,0
63 < 263 < 769,1
964 < 289 < 228,0
703 < 761 < 779,1
900 < 599 < 459,0
164 < 432 < 948,1
856 < 291 < 259,0
526 < 554 < 791,1
406 < 208 < 379,0
420 < 714 < 948,1
313 < 983 < 658,0
256 < 273 < 535,1
890 < 260 < 369,0
683 < 733 < 966,1
686 < 170 < 4,0
19 < 374 < 492,1
178 < 839 < 227,0
840 < 856 < 917,1
926 < 108 < 373,0
25 < 62 < 323,1
924 < 704 < 418,0
126 < 129 < 980,1
895 < 687 < 833,0
50 < 183 < 585,1
837 < 693 < 1000,0
633 < 771 < 780,1
845 < 699 < 784,0
313 < 726 < 791,1
93 < 795 < 420,0
501 < 754 < 874,1
584 < 546 < 65,0
28 < 416 < 887,1
639 < 323 < 350,0
192 < 244 < 622,1
956 < 99 < 210,0
361 < 516 < 872,1
489 < 61 < 528,0
527 < 656 < 837,1
229 < 855 < 497,0
700 < 794 < 926,1
832 < 669 < 920,0
354 < 533 < 760,1
284 < 61 < 452,0
77 < 671 < 767,1
779 < 626 < 289,0
31 < 369 < 897,1
51 < 882 < 848,0
297 < 817 < 974,1
975 < 89 < 824,0
229 < 258 < 402,1
756 < 650 < 759,0
275 < 595 < 704,1
829 < 785 < 741,0
300 < 358 < 431,1
952 < 974 < 102,0
443 < 695 < 916,1
651 < 193 < 736,0
496 < 652 < 680,1
610 < 354 < 706,0
13 < 380 < 662,1
434 < 862 < 277,0
381 < 576 < 737,1
959 < 192 < 433,0
92 < 369 < 912,1
871 < 600 < 846,0
160 < 681 < 904,1
587 < 23 < 840,0
129 < 491 < 697,1
179 < 751 < 503,0
283 < 596 < 731,1
887 < 432 < 645,0
494 < 770 < 920,1
416 < 999 < 742,0
243 < 639 < 902,1
650 < 2 < 525,0
217 < 238 < 387,1
555 < 796 < 27,0
537 < 633 < 701,1
403 < 20 < 797,0
89 < 383 < 970,1
620 < 815 < 344,0
52 < 643 < 707,1
578 < 276 < 134,0
239 < 524 < 900,1
546 < 234 < 137,0
100 < 258 < 372,1
876 < 613 < 367,0
118 < 517 < 541,1
126 < 980 < 447,0
309 < 550 < 968,1
211 < 734 < 2,0
191 < 268 < 345,1
193 < 750 < 263,0
326 < 437 < 527,1
621 < 567 < 443,0
347 < 630 < 730,1
949 < 728 < 773,0
797 < 852 < 986,1
297 < 50 < 874,0
517 < 658 < 737,1
131 < 318 < 88,0
68 < 145 < 643,1
46 < 592 < 496,0
112 < 587 < 908,1
470 < 784 < 475,0
259 < 269 < 686,1
523 < 796 < 185,0
73 < 292 < 390,1
952 < 271 < 681,0
16 < 178 < 231,1
293 < 551 < 377,0
78 < 333 < 503,1
388 < 354 < 899,0
260 < 312 < 404,1
984 < 222 < 171,0
294 < 677 < 806,1
600 < 850 < 464,0
286 < 649 < 981,1
549 < 407 < 606,0
368 < 700 < 753,1
804 < 23 < 1,0
8 < 494 < 559,1
315 < 827 < 422,0
189 < 442 < 721,1
79 < 57 < 261,0
6 < 348 < 684,1
463 < 260 < 774,0
100 < 807 < 896,1
954 < 537 < 41,0
28 < 313 < 687,1
462 < 297 < 107,0
141 < 310 < 405,1
860 < 823 < 749,0
615 < 698 < 925,1
48 < 703 < 561,0
160 < 162 < 754,1
650 < 970 < 778,0
84 < 305 < 530,1
169 < 987 < 682,0
103 < 333 < 993,1
918 < 855 < 251,0
345 < 758 < 870,1
924 < 188 < 160,0
370 < 570 < 845,1
755 < 39 < 356,0
119 < 644 < 786,1
180 < 585 < 81,0
37 < 378 < 655,1
210 < 49 < 761,0
108 < 267 < 974,1
498 < 768 < 330,0
66 < 401 < 527,1
805 < 117 < 323,0
342 < 520 < 649,1
65 < 497 < 14,0
38 < 41 < 578,1
262 < 577 < 421,0
461 < 653 < 658,1
139 < 44 < 330,0
63 < 528 < 818,1
158 < 655 < 31,0
270 < 341 < 888,1
413 < 777 < 364,0
406 < 412 < 952,1
651 < 377 < 844,0
194 < 492 < 943,1
411 < 653 < 264,0
205 < 324 < 509,1
260 < 664 < 501,0
104 < 470 < 691,1
575 < 333 < 299,0
83 < 675 < 728,1
389 < 773 < 304,0
210 < 357 < 392,1
283 < 675 < 247,0
77 < 146 < 995,1
769 < 420 < 457,0
96 < 763 < 852,1
722 < 195 < 621,0
197 < 395 < 495,1
947 < 917 < 870,0
108 < 196 < 730,1
173 < 550 < 390,0
7 < 94 < 458,1
256 < 417 < 70,0
30 < 346 < 686,1
467 < 679 < 364,0
416 < 816 < 863,1
450 < 831 < 718,0
303 < 381 < 816,1
339 < 658 < 255,0
280 < 539 < 773,1
414 < 406 < 827,0
240 < 475 < 878,1
369 < 980 < 691,0
168 < 324 < 615,1
797 < 311 < 663,0
482 < 529 < 954,1
807 < 689 < 510,0
133 < 231 < 577,1
741 < 497 < 646,0
679 < 704 < 905,1
279 < 440 < 156,0
107 < 428 < 455,1
304 < 185 < 590,0
10 < 354 < 903,1
636 < 463 < 569,0
273 < 792 < 898,1
854 < 431 < 138,0
0 < 361 < 425,1
372 < 541 < 231,0
23 < 28 < 976,1
977 < 444 < 742,0
264 < 564 < 707,1
462 < 914 < 795,0
346 < 509 < 800,1
256 < 250 < 528,0
103 < 470 < 635,1
531 < 952 < 849,0
709 < 724 < 890,1
786 < 367 < 488,0
316 < 714 < 965,1
404 < 343 < 737,0
446 < 801 < 939,1
696 < 550 < 673,0
144 < 686 < 810,1
980 < 575 < 139,0
17 < 64 < 335,1
874 < 610 < 608,0
588 < 710 < 758,1
514 < 136 < 576,0
221 < 454 < 796,1
432 < 101 < 968,0
189 < 922 < 937,1
630 < 739 < 185,0
236 < 373 < 526,1
705 < 275 < 658,0
670 < 950 < 977,1
245 < 977 < 192,0
872 < 890 < 936,1
456 < 314 < 3,0
186 < 303 < 484,1
270 < 167 < 490,0
7 < 173 < 655,1
200 < 589 < 50,0
120 < 138 < 837,1
554 < 795 < 433,0
372 < 642 < 672,1
755 < 500 < 523,0
180 < 231 < 241,1
913 < 970 < 598,0
499 < 639 < 810,1
605 < 79 < 785,0
22 < 210 < 851,1
123 < 91 < 169,0
197 < 533 < 833,1
770 < 901 < 295,0
137 < 525 < 586,1
430 < 856 < 572,0
366 < 389 < 994,1
613 < 284 < 78,0
255 < 733 < 754,1
695 < 985 < 453,0
318 < 702 < 799,1
705 < 412 < 588,0
310 < 501 < 518,1
256 < 744 < 79,0
91 < 280 < 593,1
44 < 625 < 62,0
81 < 240 < 394,1
734 < 809 < 366,0
275 < 566 < 924,1
646 < 461 < 255,0
455 < 493 < 947,1
384 < 47 < 314,0
135 < 313 < 578,1
259 < 222 < 921,0
281 < 439 < 982,1
855 < 742 < 61,0
417 < 519 < 637,1
957 < 388 < 80,0
10 < 176 < 359,1
928 < 275 < 715,0
101 < 276 < 423,1
505 < 765 < 298,0
470 < 482 < 562,1
705 < 940 < 533,0
156 < 235 < 244,1
971 < 49 < 735,0
137 < 706 < 923,1
241 < 615 < 112,0
20 < 158 < 491,1
710 < 351 < 956,0
189 < 453 < 885,1
907 < 307 < 682,0
309 < 425 < 978,1
847 < 958 < 193,0
47 < 593 < 863,1
802 < 615 < 516,0
653 < 672 < 752,1
749 < 845 < 174,0
254 < 285 < 829,1
900 < 624 < 253,0
127 < 149 < 968,1
224 < 953 < 207,0
74 < 184 < 368,1
746 < 736 < 841,0
158 < 254 < 633,1
266 < 38 < 518,0
468 < 694 < 905,1
444 < 729 < 566,0
663 < 929 < 930,1
88 < 816 < 708,0
286 < 691 < 801,1
698 < 121 < 918,0
65 < 122 < 816,1
769 < 145 < 314,0
457 < 556 < 911,1
522 < 513 < 208,0
365 < 783 < 919,1
135 < 927 < 275,0
203 < 693 < 765,1
417 < 414 < 745,0
37 < 899 < 924,1
230 < 984 < 22,0
137 < 421 < 910,1
564 < 223 < 430,0
529 < 911 < 958,1
477 < 841 < 673,0
94 < 148 < 520,1
632 < 493 < 28,0
296 < 335 < 734,1
492 < 572 < 327,0
200 < 396 < 749,1
618 < 595 < 124,0
48 < 122 < 820,1
692 < 377 < 59,0
323 < 493 < 993,1
865 < 76 < 802,0
89 < 509 < 927,1
156 < 239 < 103,0
19 < 366 < 611,1
741 < 159 < 307,0
95 < 163 < 972,1
891 < 303 < 444,0
261 < 338 < 455,1
5 < 915 < 639,0
698 < 842 < 989,1
894 < 947 < 798,0
179 < 536 < 609,1
469 < 874 < 23,0
103 < 578 < 925,1
109 < 893 < 522,0
93 < 271 < 663,1
860 < 709 < 74,0
159 < 180 < 322,1
28 < 6 < 741,0
206 < 231 < 388,1
528 < 414 < 644,0
154 < 554 < 754,1
320 < 632 < 452,0
112 < 217 < 468,1
127 < 697 < 468,0
22 < 311 < 708,1
307 < 182 < 288,0
139 < 229 < 333,1
617 < 54 < 466,0
125 < 370 < 686,1
328 < 126 < 307,0
176 < 261 < 630,1
212 < 814 < 750,0
669 < 902 < 934,1
447 < 743 < 741,0
69 < 109 < 651,1
452 < 95 < 707,0
39 < 204 < 651,1
20 < 998 < 752,0
55 < 344 < 396,1
374 < 359 < 319,0
404 < 485 < 819,1
291 < 277 < 934,0
147 < 806 < 954,1
736 < 103 < 616,0
584 < 698 < 981,1
652 < 921 < 731,0
266 < 379 < 753,1
411 < 83 < 665,0
159 < 161 < 663,1
7 < 499 < 387,0
262 < 280 < 450,1
84 < 170 < 163,0
78 < 462 < 972,1
596 < 740 < 191,0
159 < 726 < 809,1
835 < 740 < 19,0
640 < 722 < 755,1
821 < 532 < 866,0
793 < 880 < 916,1
14 < 829 < 649,0
673 < 796 < 933,1
850 < 296 < 643,0
556 < 569 < 919,1
589 < 860 < 609,0
386 < 524 < 735,1
138 < 578 < 11,0
6 < 74 < 853,1
582 < 786 < 586,0
486 < 591 < 735,1
568 < 571 < 293,0
46 < 50 < 65,1
807 < 903 < 483,0
249 < 756 < 993,1
754 < 366 < 335,0
325 < 578 < 625,1
867 < 181 < 242,0
144 < 376 < 805,1
778 < 562 < 985,0
51 < 421 < 882,1
757 < 614 < 990,0
205 < 485 < 730,1
143 < 16 < 71,0
157 < 792 < 813,1
828 < 545 < 480,0
147 < 637 < 969,1
478 < 401 < 95,0
212 < 286 < 346,1
134 < 747 < 378,0
115 < 701 < 807,1
852 < 173 < 292,0
225 < 381 < 643,1
189 < 821 < 520,0
433 < 443 < 925,1
786 < 603 < 183,0
330 < 404 < 510,1
692 < 864 < 286,0
332 < 363 < 912,1
245 < 970 < 438,0
329 < 716 < 917,1
810 < 762 < 140,0
188 < 284 < 984,1
625 < 687 < 493,0
280 < 588 < 689,1
531 < 798 < 462,0
63 < 214 < 291,1
689 < 351 < 887,0
310 < 348 < 760,1
720 < 808 < 529,0
582 < 629 < 978,1
536 < 183 < 258,0
280 < 648 < 783,1
768 < 205 < 305,0
176 < 509 < 885,1
384 < 241 < 583,0
1 < 204 < 731,1
396 < 450 < 147,0
62 < 619 < 900,1
187 < 56 < 587,0
359 < 446 < 744,1
977 < 768 < 598,0
335 < 588 < 828,1
328 < 267 < 593,0
41 < 817 < 837,1
481 < 4 < 216,0
120 < 835 < 953,1
4 < 899 < 503,0
211 < 360 < 800,1
802 < 505 < 625,0
90 < 763 < 984,1
699 < 382 < 640,0
714 < 838 < 883,1
299 < 447 < 250,0
299 < 379 < 996,1
976 < 694 < 271,0
292 < 854 < 902,1
850 < 227 < 547,0
493 < 813 < 934,1
108 < 855 < 725,0
488 < 863 < 943,1
294 < 484 < 323,0
85 < 377 < 702,1
302 < 209 < 429,0
72 < 82 < 880,1
264 < 1000 < 212,0
440 < 450 < 521,1
98 < 44 < 701,0
359 < 643 < 987,1
93 < 684 < 523,0
541 < 583 < 872,1
362 < 240 < 294,0
1 < 35 < 300,1
790 < 143 < 114,0
123 < 279 < 881,1
409 < 836 < 480,0
211 < 300 < 675,1
739 < 849 < 212,0
122 < 318 < 990,1
922 < 674 < 292,0
257 < 340 < 447,1
464 < 885 < 631,0
229 < 536 < 696,1
879 < 730 < 218,0
166 < 522 < 856,1
883 < 306 < 153,0
334 < 617 < 739,1
833 < 337 < 671,0
298 < 399 < 440,1
386 < 588 < 528,0
47 < 274 < 579,1
709 < 194 < 898,0
189 < 296 < 629,1
886 < 366 < 897,0
236 < 778 < 847,1
737 < 668 < 433,0
742 < 751 < 839,1
918 < 191 < 248,0
428 < 609 < 807,1
103 < 911 < 647,0
186 < 892 < 945,1
778 < 143 < 238,0
69 < 520 < 813,1
648 < 643 < 366,0
41 < 123 < 925,1
249 < 900 < 526,0
35 < 103 < 720,1
973 < 169 < 267,0
72 < 333 < 427,1
403 < 295 < 727,0
91 < 293 < 780,1
843 < 105 < 644,0
31 < 188 < 694,1
241 < 992 < 577,0
890 < 904 < 995,1
394 < 402 < 190,0
149 < 371 < 963,1
141 < 927 < 680,0
359 < 661 < 772,1
308 < 384 < 103,0
65 < 201 < 906,1
483 < 540 < 379,0
570 < 858 < 937,1
452 < 278 < 127,0
675 < 807 < 989,1
540 < 496 < 522,0
405 < 636 < 822,1
807 < 232 < 301,0
67 < 131 < 920,1
824 < 654 < 163,0
73 < 691 < 874,1
460 < 196 < 470,0
148 < 392 < 411,1
685 < 992 < 450,0
323 < 650 < 868,1
764 < 871 < 542,0
721 < 733 < 758,1
517 < 589 < 553,0
79 < 431 < 724,1
716 < 334 < 136,0
221 < 957 < 973,1
602 < 465 < 140,0
94 < 511 < 698,1
931 < 704 < 932,0
515 < 539 < 691,1
713 < 609 < 402,0
287 < 435 < 661,1
778 < 436 < 314,0
302 < 325 < 995,1
500 < 387 < 365,0
162 < 191 < 795,1
795 < 663 < 459,0
30 < 715 < 915,1
81 < 911 < 271,0
67 < 556 < 791,1
510 < 310 < 810,0
108 < 270 < 721,1
777 < 836 < 141,0
151 < 316 < 392,1
840 < 551 < 625,0
333 < 373 < 820,1
925 < 203 < 166,0
263 < 718 < 900,1
947 < 637 < 262,0
236 < 352 < 626,1
365 < 818 < 160,0
90 < 586 < 843,1
794 < 674 < 410,0
240 < 409 < 454,1
834 < 130 < 995,0
367 < 448 < 886,1
359 < 45 < 950,0
292 < 722 < 990,1
687 < 154 < 225,0
395 < 528 < 645,1
33 < 953 < 310,0
144 < 418 < 870,1
588 < 773 < 240,0
230 < 456 < 593,1
580 < 542 < 174,0
89 < 103 < 151,1
188 < 600 < 202,0
119 < 420 < 453,1
194 < 187 < 796,0
75 < 221 < 891,1
422 < 197 < 740,0
527 < 880 < 907,1
720 < 952 < 751,0
649 < 687 < 790,1
472 < 287 < 818,0
1 < 248 < 333,1
506 < 249 < 226,0
113 < 552 < 893,1
193 < 401 < 24,0
284 < 906 < 916,1
853 < 559 < 533,0
2 < 325 < 602,1
656 < 337 < 730,0
37 < 286 < 685,1
668 < 415 < 667,0
152 < 746 < 754,1
687 < 232 < 790,0
230 < 337 < 627,1
743 < 527 < 410,0
376 < 541 < 600,1
641 < 416 < 150,0
535 < 593 < 988,1
552 < 2 < 614,0
63 < 415 < 761,1
542 < 138 < 186,0
120 < 323 < 508,1
895 < 275 < 488,0
272 < 389 < 397,1
999 < 517 < 649,0
107 < 847 < 899,1
516 < 178 < 861,0
50 < 485 < 547,1
653 < 664 < 593,0
93 < 680 < 930,1
272 < 33 < 388,0
12 < 431 < 634,1
387 < 893 < 462,0
470 < 602 < 862,1
551 < 508 < 734,0
445 < 601 < 954,1
450 < 959 < 73,0
313 < 444 < 689,1
431 < 939 < 505,0
246 < 281 < 833,1
86 < 905 < 210,0
481 < 535 < 847,1
574 < 203 < 77,0
251 < 345 < 661,1
803 < 78 < 760,0
320 < 783 < 921,1
812 < 872 < 582,0
54 < 426 < 712,1
481 < 40 < 434,0
320 < 763 < 968,1
981 < 472 < 501,0
707 < 737 < 870,1
575 < 982 < 722,0
424 < 487 < 576,1
231 < 149 < 834,0
158 < 250 < 638,1
433 < 305 < 314,0
221 < 729 < 932,1
518 < 697 < 667,0
284 < 362 < 701,1
775 < 396 < 507,0
30 < 327 < 652,1
977 < 619 < 346,0
32 < 439 < 452,1
414 < 54 < 459,0
406 < 837 < 995,1
690 < 469 < 363,0
367 < 979 < 984,1
19 < 87 < 25,0
93 < 262 < 616,1
97 < 802 < 113,0
36 < 603 < 824,1
895 < 721 < 889,0
371 < 496 < 591,1
180 < 868 < 356,0
134 < 339 < 461,1
964 < 236 < 654,0
16 < 623 < 663,1
799 < 571 < 739,0
451 < 709 < 909,1
240 < 842 < 203,0
93 < 295 < 992,1
444 < 686 < 8,0
16 < 465 < 779,1
964 < 857 < 813,0
32 < 326 < 500,1
553 < 932 < 108,0
66 < 686 < 871,1
853 < 82 < 213,0
86 < 557 < 733,1
184 < 102 < 831,0
264 < 296 < 901,1
89 < 929 < 144,0
284 < 777 < 801,1
888 < 771 < 55,0
200 < 336 < 876,1
594 < 150 < 908,0
484 < 700 < 703,1
342 < 204 < 38,0
770 < 869 < 978,1
454 < 421 < 485,0
205 < 345 < 979,1
862 < 199 < 766,0
91 < 377 < 976,1
554 < 64 < 591,0
120 < 356 < 481,1
64 < 57 < 996,0
233 < 502 < 917,1
621 < 315 < 671,0
40 < 213 < 665,1
885 < 87 < 606,0
369 < 729 < 868,1
429 < 868 < 91,0
146 < 211 < 277,1
834 < 314 < 240,0
418 < 825 < 989,1
990 < 597 < 12,0
78 < 173 < 228,1
628 < 743 < 378,0
131 < 426 < 524,1
232 < 529 < 156,0
816 < 831 < 876,1
161 < 313 < 58,0
146 < 547 < 610,1
658 < 625 < 829,0
244 < 365 < 671,1
700 < 148 < 174,0
413 < 854 < 999,1
707 < 189 < 684,0
50 < 597 < 996,1
730 < 686 < 548,0
292 < 307 < 443,1
377 < 160 < 205,0
0 < 298 < 520,1
347 < 500 < 257,0
17 < 330 < 595,1
959 < 580 < 845,0
22 < 702 < 838,1
657 < 183 < 23,0
429 < 436 < 957,1
278 < 892 < 534,0
500 < 902 < 923,1
843 < 895 < 460,0
244 < 830 < 998,1
744 < 293 < 157,0
67 < 487 < 658,1
958 < 109 < 522,0
386 < 569 < 718,1
600 < 430 < 305,0
117 < 766 < 866,1
523 < 880 < 470,0
48 < 310 < 693,1
991 < 50 < 249,0
722 < 769 < 929,1
597 < 85 < 415,0
140 < 459 < 557,1
285 < 729 < 67,0
252 < 358 < 541,1
104 < 628 < 40,0
192 < 239 < 333,1
289 < 155 < 719,0
74 < 423 < 994,1
378 < 694 < 118,0
448 < 552 < 967,1
44 < 31 < 920,0
300 < 480 < 835,1
379 < 104 < 518,0
147 < 530 < 544,1
25 < 189 < 79,0
246 < 558 < 723,1
320 < 746 < 122,0
16 < 626 < 817,1
487 < 374 < 856,0
404 < 579 < 663,1
569 < 353 < 987,0
61 < 311 < 846,1
214 < 289 < 113,0
312 < 656 < 670,1
859 < 765 < 70,0
350 < 377 < 563,1
66 < 620 < 92,0
766 < 866 < 951,1
290 < 2 < 518,0
108 < 268 < 977,1
897 < 852 < 625,0
251 < 724 < 798,1
250 < 855 < 781,0
22 < 583 < 625,1
119 < 841 < 779,0
685 < 788 < 933,1
349 < 879 < 361,0
124 < 282 < 460,1
353 < 437 < 25,0
557 < 794 < 835,1
602 < 811 < 111,0
78 < 88 < 564,1
16 < 602 < 525,0
641 < 741 < 887,1
873 < 916 < 278,0
211 < 223 < 248,1
3 < 855 < 571,0
8 < 458 < 461,1
630 < 979 < 710,0
145 < 390 < 567,1
966 < 687 < 219,0
66 < 317 < 967,1
722 < 469 < 25,0
464 < 816 < 854,1
756 < 995 < 231,0
89 < 764 < 772,1
767 < 723 < 214,0
338 < 431 < 516,1
963 < 513 < 142,0
285 < 488 < 905,1
4 < 774 < 143,0
32 < 72 < 664,1
972 < 754 < 333,0
43 < 882 < 904,1
808 < 317 < 441,0
497 < 545 < 604,1
738 < 955 < 894,0
1 < 490 < 617,1
670 < 633 < 88,0
184 < 773 < 924,1
645 < 147 < 727,0
51 < 151 < 891,1
942 < 605 < 602,0
31 < 83 < 766,1
602 < 529 < 80,0
450 < 657 < 833,1
591 < 815 < 672,0
244 < 464 < 651,1
553 < 144 < 766,0
293 < 442 < 742,1
747 < 48 < 630,0
457 < 686 < 772,1
62 < 310 < 297,0
37 < 322 < 440,1
538 < 885 < 254,0
280 < 938 < 956,1
813 < 806 < 697,0
71 < 292 < 544,1
105 < 453 < 410,0
362 < 385 < 565,1
440 < 635 < 146,0
622 < 737 < 982,1
66 < 593 < 154,0
118 < 648 < 748,1
565 < 21 < 921,0
113 < 358 < 655,1
126 < 452 < 99,0
169 < 452 < 794,1
660 < 549 < 103,0
379 < 793 < 852,1
837 < 940 < 673,0
305 < 430 < 723,1
497 < 45 < 265,0
559 < 599 < 859,1
393 < 817 < 574,0
420 < 543 < 796,1
865 < 771 < 775,0
108 < 424 < 887,1
309 < 152 < 51,0
7 < 213 < 837,1
329 < 862 < 415,0
589 < 680 < 892,1
422 < 568 < 500,0
426 < 540 < 590,1
21 < 199 < 120,0
177 < 493 < 899,1
823 < 623 < 515,0
222 < 417 < 915,1
954 < 574 < 938,0
473 < 639 < 855,1
869 < 114 < 459,0
690 < 761 < 936,1
546 < 782 < 190,0
96 < 436 < 796,1
546 < 349 < 453,0
40 < 669 < 753,1
461 < 77 < 800,0
262 < 507 < 853,1
937 < 933 < 611,0
151 < 722 < 724,1
266 < 445 < 293,0
83 < 234 < 488,1
848 < 476 < 642,0
379 < 504 < 543,1
642 < 648 < 622,0
220 < 244 < 680,1
928 < 596 < 568,0
185 < 333 < 633,1
808 < 850 < 634,0
160 < 190 < 321,1
359 < 390 < 74,0
15 < 94 < 789,1
205 < 809 < 761,0
99 < 355 < 760,1
920 < 511 < 905,0
30 < 126 < 696,1
492 < 80 < 866,0
352 < 468 < 858,1
975 < 454 < 331,0
797 < 905 < 921,1
940 < 3 < 838,0
310 < 964 < 992,1
441 < 819 < 294,0
300 < 305 < 724,1
362 < 34 < 920,0
44 < 301 < 781,1
768 < 203 < 585,0
187 < 708 < 916,1
781 < 341 < 99,0
441 < 629 < 741,1
472 < 79 < 660,0
588 < 787 < 875,1
460 < 72 < 669,0
499 < 734 < 788,1
820 < 504 < 788,0
13 < 267 < 461,1
694 < 213 < 72,0
541 < 545 < 700,1
848 < 987 < 728,0
27 < 339 < 532,1
908 < 193 < 461,0
152 < 506 < 866,1
712 < 660 < 449,0
110 < 425 < 680,1
767 < 283 < 83,0
506 < 580 < 789,1
739 < 830 < 515,0
212 < 262 < 308,1
874 < 535 < 811,0
236 < 422 < 767,1
368 < 998 < 938,0
99 < 561 < 772,1
379 < 826 < 448,0
378 < 610 < 727,1
920 < 602 < 809,0
46 < 133 < 584,1
498 < 300 < 612,0
799 < 837 < 915,1
837 < 470 < 475,0
545 < 754 < 933,1
704 < 686 < 933,0
80 < 346 < 956,1
160 < 160 < 940,0
391 < 511 < 639,1
658 < 638 < 996,0
196 < 492 < 518,1
557 < 937 < 270,0
108 < 547 < 586,1
822 < 826 < 602,0
279 < 633 < 672,1
900 < 445 < 507,0
52 < 805 < 920,1
52 < 695 < 265,0
577 < 856 < 999,1
757 < 649 < 69,0
135 < 143 < 430,1
765 < 792 < 0,0
223 < 442 < 838,1
682 < 878 < 247,0
411 < 473 < 945,1
789 < 595 < 281,0
94 < 105 < 207,1
888 < 15 < 860,0
226 < 805 < 911,1
898 < 501 < 114,0
32 < 464 < 883,1
442 < 551 < 451,0
143 < 228 < 871,1
197 < 949 < 681,0
276 < 409 < 840,1
449 < 291 < 1,0
38 < 473 < 773,1
239 < 231 < 600,0
54 < 329 < 392,1
83 < 902 < 739,0
339 < 617 < 665,1
76 < 960 < 538,0
581 < 901 < 905,1
295 < 348 < 169,0
45 < 397 < 515,1
179 < 575 < 543,0
132 < 479 < 484,1
660 < 843 < 401,0
90 < 227 < 830,1
93 < 898 < 755,0
371 < 554 < 856,1
460 < 979 < 523,0
328 < 378 < 547,1
260 < 445 < 412,0
126 < 618 < 912,1
461 < 755 < 223,0
199 < 368 < 564,1
436 < 241 < 170,0
278 < 747 < 970,1
18 < 645 < 312,0
393 < 484 < 855,1
548 < 953 < 24,0
119 < 521 < 524,1
596 < 119 < 78,0
687 < 810 < 917,1
184 < 930 < 874,0
152 < 695 < 907,1
748 < 574 < 209,0
79 < 130 < 615,1
801 < 307 < 63,0
46 < 675 < 718,1
109 < 847 < 309,0
266 < 827 < 922,1
554 < 777 < 276,0
419 < 520 < 578,1
847 < 32 < 945,0
91 < 145 < 360,1
269 < 634 < 608,0
241 < 297 < 404,1
358 < 399 < 62,0
180 < 723 < 876,1
940 < 184 < 80,0
617 < 732 < 822,1
306 < 640 < 636,0
84 < 449 < 792,1
501 < 367 < 590,0
434 < 538 < 999,1
269 < 218 < 65,0
519 < 543 < 915,1
553 < 60 < 194,0
248 < 704 < 894,1
439 < 681 < 614,0
37 < 193 < 738,1
34 < 472 < 379,0
53 < 253 < 373,1
868 < 439 < 881,0
65 < 578 < 802,1
585 < 101 < 468,0
263 < 309 < 652,1
465 < 171 < 77,0
139 < 510 < 701,1
125 < 990 < 269,0
15 < 738 < 924,1
286 < 256 < 129,0
139 < 440 < 671,1
985 < 166 < 653,0
392 < 502 < 793,1
578 < 150 < 469,0
401 < 741 < 808,1
754 < 455 < 915,0
44 < 866 < 998,1
843 < 202 < 950,0
94 < 133 < 420,1
700 < 911 < 780,0
844 < 948 < 953,1
469 < 256 < 698,0
245 < 369 < 819,1
716 < 519 < 332,0
162 < 432 < 491,1
587 < 786 < 698,0
5 < 88 < 322,1
436 < 81 < 48,0
63 < 159 < 921,1
142 < 986 < 861,0
49 < 73 < 404,1
825 < 373 < 531,0
104 < 323 < 437,1
29 < 837 < 805,0
126 < 461 < 915,1
417 < 572 < 13,0
280 < 356 < 615,1
191 < 376 < 321,0
130 < 608 < 728,1
84 < 624 < 367,0
265 < 492 < 846,1
343 < 581 < 440,0
35 < 469 < 756,1
391 < 83 < 121,0
82 < 136 < 172,1
479 < 310 < 220,0
251 < 268 < 823,1
944 < 172 < 884,0
49 < 297 < 588,1
681 < 512 < 951,0
169 < 306 < 454,1
188 < 968 < 559,0
188 < 198 < 382,1
792 < 339 < 499,0
32 < 275 < 845,1
908 < 875 < 712,0
54 < 201 < 445,1
666 < 400 < 635,0
101 < 687 < 975,1
200 < 47 < 697,0
323 < 890 < 953,1
612 < 468 < 37,0
201 < 274 < 555,1
123 < 119 < 380,0
3 < 279 < 494,1
678 < 450 < 806,0
231 < 410 < 855,1
543 < 313 < 838,0
487 < 534 < 915,1
669 < 769 < 618,0
631 < 702 < 895,1
286 < 670 < 530,0
301 < 302 < 806,1
264 < 790 < 163,0
150 < 562 < 819,1
157 < 948 < 874,0
298 < 381 < 520,1
866 < 124 < 21,0
67 < 318 < 528,1
389 < 237 < 632,0
30 < 181 < 928,1
545 < 727 < 381,0
22 < 42 < 275,1
641 < 509 < 315,0
118 < 522 < 536,1
755 < 912 < 314,0
89 < 217 < 797,1
218 < 32 < 760,0
590 < 713 < 868,1
562 < 491 < 159,0
248 < 644 < 806,1
657 < 912 < 215,0
461 < 655 < 787,1
106 < 494 < 30,0
128 < 220 < 876,1
537 < 935 < 126,0
244 < 268 < 532,1
675 < 880 < 579,0
15 < 692 < 733,1
277 < 842 < 76,0
38 < 507 < 636,1
726 < 187 < 161,0
120 < 448 < 666,1
371 < 872 < 784,0
447 < 672 < 682,1
919 < 339 < 467,0
467 < 468 < 935,1
400 < 795 < 513,0
35 < 428 < 802,1
206 < 696 < 493,0
289 < 472 < 506,1
979 < 618 < 973,0
160 < 669 < 918,1
239 < 28 < 543,0
152 < 369 < 602,1
152 < 141 < 804,0
34 < 93 < 983,1
230 < 85 < 334,0
157 < 181 < 679,1
377 < 502 < 150,0
26 < 64 < 726,1
742 < 978 < 166,0
736 < 738 < 747,1
109 < 689 < 357,0
295 < 411 < 641,1
799 < 69 < 654,0
86 < 172 < 989,1
520 < 403 < 601,0
514 < 516 < 669,1
676 < 130 < 37,0
435 < 957 < 997,1
937 < 371 < 919,0
206 < 402 < 914,1
881 < 324 < 161,0
60 < 67 < 589,1
791 < 299 < 696,0
409 < 526 < 547,1
659 < 640 < 817,0
211 < 477 < 607,1
142 < 928 < 793,0
217 < 226 < 639,1
327 < 731 < 34,0
129 < 145 < 499,1
989 < 554 < 671,0
212 < 294 < 395,1
161 < 718 < 394,0
196 < 368 < 460,1
251 < 429 < 186,0
47 < 199 < 842,1
924 < 749 < 285,0
10 < 66 < 318,1
696 < 613 < 693,0
276 < 293 < 677,1
260 < 866 < 7,0
734 < 935 < 995,1
368 < 184 < 731,0
55 < 91 < 835,1
586 < 613 < 149,0
42 < 313 < 329,1
890 < 345 < 472,0
478 < 516 < 600,1
484 < 1000 < 968,0
134 < 254 < 623,1
862 < 715 < 388,0
220 < 301 < 376,1
482 < 877 < 721,0
325 < 634 < 848,1
822 < 103 < 850,0
285 < 361 < 939,1
293 < 923 < 605,0
264 < 834 < 948,1
323 < 981 < 754,0
299 < 819 < 850,1
63 < 36 < 152,0
52 < 366 < 368,1
34 < 462 < 379,0
78 < 200 < 680,1
431 < 217 < 357,0
90 < 378 < 421,1
987 < 758 < 64,0
267 < 623 < 740,1
476 < 858 < 668,0
81 < 126 < 232,1
967 < 287 < 692,0
204 < 586 < 933,1
415 < 3 < 914,0
456 < 572 < 655,1
271 < 718 < 609,0
166 < 249 < 294,1
753 < 926 < 906,0
240 < 716 < 789,1
715 < 229 < 284,0
94 < 502 < 792,1
512 < 840 < 741,0
205 < 537 < 796,1
237 < 529 < 416,0
49 < 328 < 529,1
880 < 225 < 275,0
402 < 568 < 656,1
308 < 823 < 550,0
64 < 341 < 402,1
618 < 756 < 588,0
67 < 578 < 604,1
260 < 502 < 413,0
324 < 768 < 782,1
578 < 415 < 975,0
20 < 159 < 414,1
78 < 12 < 514,0
96 < 653 < 793,1
632 < 555 < 392,0
11 < 80 < 637,1
359 < 856 < 625,0
446 < 919 < 994,1
925 < 66 < 96,0
686 < 734 < 812,1
691 < 145 < 994,0
84 < 621 < 848,1
324 < 609 < 344,0
272 < 690 < 847,1
829 < 774 < 837,0
42 < 101 < 878,1
321 < 492 < 446,0
11 < 375 < 902,1
970 < 244 < 498,0
0 < 629 < 645,1
726 < 524 < 643,0
747 < 825 < 877,1
728 < 866 < 539,0
421 < 465 < 949,1
620 < 591 < 905,0
373 < 621 < 900,1
589 < 409 < 330,0
25 < 771 < 910,1
248 < 648 < 641,0
399 < 649 < 959,1
499 < 116 < 18,0
259 < 578 < 685,1
71 < 944 < 829,0
489 < 508 < 516,1
466 < 48 < 818,0
368 < 645 < 781,1
355 < 650 < 337,0
408 < 625 < 702,1
363 < 128 < 221,0
821 < 862 < 983,1
367 < 733 < 308,0
279 < 290 < 603,1
656 < 567 < 469,0
190 < 233 < 898,1
457 < 901 < 898,0
284 < 543 < 783,1
256 < 91 < 46,0
30 < 346 < 475,1
834 < 801 < 997,0
173 < 277 < 843,1
942 < 832 < 585,0
127 < 480 < 855,1
137 < 786 < 160,0
426 < 428 < 800,1
577 < 819 < 343,0
99 < 305 < 764,1
761 < 590 < 382,0
249 < 602 < 942,1
911 < 779 < 412,0
149 < 862 < 950,1
525 < 766 < 392,0
531 < 823 < 869,1
448 < 629 < 437,0
166 < 267 < 750,1
698 < 554 < 305,0
51 < 69 < 401,1
864 < 867 < 256,0
480 < 483 < 764,1
970 < 170 < 720,0
371 < 399 < 408,1
858 < 51 < 613,0
131 < 166 < 976,1
610 < 360 < 436,0
164 < 721 < 973,1
317 < 419 < 115,0
529 < 784 < 870,1
798 < 12 < 881,0
18 < 32 < 865,1
164 < 240 < 81,0
202 < 568 < 957,1
52 < 791 < 410,0
40 < 185 < 231,1
420 < 48 < 891,0
196 < 473 < 672,1
494 < 978 < 978,0
461 < 656 < 674,1
325 < 11 < 290,0
696 < 899 < 967,1
141 < 398 < 269,0
130 < 557 < 878,1
323 < 292 < 450,0
211 < 261 < 421,1
657 < 912 < 190,0
14 < 82 < 152,1
949 < 705 < 103,0
11 < 100 < 305,1
250 < 972 < 415,0
7 < 235 < 707,1
607 < 7 < 740,0
9 < 582 < 822,1
762 < 766 < 71,0
689 < 901 < 973,1
283 < 704 < 21,0
198 < 230 < 962,1
993 < 12 < 218,0
3 < 131 < 672,1
164 < 420 < 47,0
441 < 487 < 957,1
654 < 583 < 928,0
328 < 402 < 838,1
958 < 324 < 759,0
373 < 593 < 791,1
986 < 134 < 620,0
280 < 590 < 876,1
27 < 544 < 446,0
167 < 507 < 928,1
938 < 177 < 475,0
88 < 865 < 962,1
374 < 353 < 957,0
268 < 289 < 585,1
25 < 760 < 149,0
52 < 109 < 163,1
152 < 760 < 128,0
551 < 620 < 842,1
150 < 481 < 355,0
116 < 477 < 817,1
771 < 766 < 351,0
113 < 573 < 799,1
289 < 87 < 127,0
67 < 205 < 947,1
614 < 868 < 395,0
241 < 258 < 328,1
914 < 478 < 536,0
591 < 873 < 939,1
146 < 982 < 408,0
23 < 115 < 211,1
247 < 522 < 152,0
477 < 508 < 704,1
721 < 499 < 834,0
292 < 388 < 641,1
106 < 929 < 463,0
328 < 550 < 753,1
305 < 293 < 718,0
359 < 415 < 868,1
506 < 428 < 239,0
468 < 523 < 686,1
579 < 557 < 180,0
37 < 549 < 596,1
717 < 419 < 676,0
334 < 615 < 918,1
309 < 31 < 910,0
226 < 587 < 740,1
835 < 671 < 643,0
429 < 489 < 800,1
551 < 707 < 249,0
543 < 687 < 730,1
568 < 486 < 46,0
5 < 493 < 549,1
857 < 388 < 853,0
565 < 918 < 990,1
806 < 967 < 231,0
51 < 251 < 754,1
544 < 515 < 639,0
166 < 762 < 853,1
819 < 394 < 659,0
46 < 374 < 459,1
199 < 738 < 273,0
335 < 379 < 433,1
841 < 222 < 214,0
41 < 344 < 418,1
953 < 217 < 581,0
123 < 670 < 732,1
29 < 779 < 326,0
161 < 406 < 696,1
692 < 860 < 172,0
64 < 237 < 836,1
606 < 830 < 630,0
460 < 823 < 985,1
542 < 856 < 180,0
110 < 468 < 573,1
105 < 11 < 285,0
174 < 361 < 700,1
851 < 439 < 383,0
86 < 256 < 276,1
293 < 616 < 558,0
80 < 163 < 350,1
315 < 502 < 198,0
329 < 492 < 944,1
626 < 980 < 100,0
271 < 322 < 383,1
869 < 282 < 278,0
427 < 490 < 982,1
581 < 487 < 611,0
255 < 357 < 940,1
836 < 479 < 171,0
303 < 645 < 829,1
492 < 111 < 224,0
148 < 453 < 613,1
445 < 46 < 31,0
301 < 953 < 964,1
796 < 480 < 305,0
365 < 468 < 633,1
152 < 408 < 374,0
28 < 54 < 97,1
732 < 315 < 731,0
82 < 254 < 874,1
410 < 549 < 210,0
37 < 94 < 537,1
653 < 335 < 141,0
499 < 707 < 836,1
405 < 323 < 551,0
110 < 452 < 625,1
616 < 93 < 146,0
209 < 706 < 921,1
242 < 241 < 390,0
458 < 521 < 582,1
820 < 391 < 729,0
22 < 86 < 911,1
603 < 171 < 691,0
148 < 487 < 845,1
459 < 587 < 295,0
121 < 367 < 442,1
531 < 26 < 408,0
116 < 383 < 407,1
253 < 870 < 685,0
207 < 425 < 762,1
555 < 128 < 681,0
110 < 268 < 634,1
182 < 828 < 690,0
264 < 438 < 750,1
987 < 16 < 901,0
298 < 396 < 708,1
877 < 881 < 353,0
23 < 213 < 718,1
775 < 558 < 199,0
340 < 409 < 771,1
997 < 818 < 421,0
188 < 299 < 743,1
454 < 862 < 43,0
50 < 279 < 421,1
724 < 768 < 439,0
644 < 708 < 861,1
441 < 350 < 745,0
241 < 411 < 931,1
190 < 305 < 56,0
399 < 656 < 823,1
904 < 967 < 561,0
137 < 467 < 647,1
848 < 60 < 844,0
15 < 82 < 390,1
179 < 42 < 872,0
84 < 379 < 897,1
712 < 604 < 152,0
307 < 800 < 925,1
861 < 258 < 167,0
156 < 258 < 509,1
201 < 156 < 933,0
141 < 363 < 477,1
965 < 955 < 596,0
494 < 828 < 975,1
732 < 402 < 870,0
320 < 748 < 861,1
384 < 212 < 376,0
128 < 494 < 692,1
310 < 740 < 171,0
362 < 391 < 643,1
249 < 201 < 934,0
248 < 424 < 554,1
249 < 638 < 295,0
108 < 161 < 532,1
483 < 166 < 130,0
366 < 854 < 909,1
161 < 27 < 500,0
369 < 754 < 859,1
721 < 36 < 765,0
604 < 701 < 968,1
893 < 468 < 822,0
74 < 689 < 865,1
705 < 418 < 749,0
472 < 512 < 524,1
785 < 114 < 905,0
189 < 664 < 796,1
324 < 539 < 333,0
77 < 110 < 939,1
676 < 293 < 269,0
233 < 514 < 737,1
188 < 103 < 310,0
151 < 350 < 722,1
491 < 205 < 953,0
618 < 721 < 825,1
999 < 511 < 728,0
99 < 645 < 701,1
197 < 921 < 196,0
260 < 790 < 851,1
685 < 241 < 691,0
82 < 291 < 497,1
231 < 356 < 193,0
22 < 188 < 711,1
54 < 130 < 3,0
52 < 99 < 974,1
948 < 135 < 383,0
143 < 270 < 700,1
731 < 842 < 391,0
814 < 842 < 963,1
388 < 801 < 75,0
222 < 421 < 787,1
127 < 38 < 313,0
245 < 578 < 775,1
586 < 186 < 379,0
109 < 564 < 748,1
856 < 838 < 118,0
268 < 583 < 613,1
69 < 832 < 808,0
193 < 304 < 988,1
747 < 183 < 633,0
625 < 723 < 749,1
452 < 301 < 890,0
